task_id,domain,truncated,primary,secondary,failure_location,reviewed_correct,unknowns,stage
math_test_algebra_673,math,False,Evaluator/Environment Issue,[],final answer comparison,True,Does not indicate a recovery need.,historical_audit
math_test_algebra_884,math,False,Evaluator/Environment Issue,[],final answer comparison,True,Does not indicate a recovery need.,historical_audit
math_test_geometry_48,math,False,Evaluator/Environment Issue,[],final answer comparison,True,Does not indicate a recovery need.,historical_audit
math_test_geometry_165,math,False,Evaluator/Environment Issue,[],final answer comparison,True,Does not indicate a recovery need.,historical_audit
math_test_counting_probability_411,math,False,Evaluator/Environment Issue,[],final answer comparison,True,Does not indicate a recovery need.,historical_audit
math_test_intermediate_algebra_796,math,False,Evaluator/Environment Issue,[],final answer comparison,True,Does not indicate a recovery need.,historical_audit
math_test_counting_probability_101,math,True,Truncation Failure,[],response tail/output cap,False,Underlying reasoning could still be faulty; a single truncation cannot establish inability.,historical_audit
math_test_geometry_214,math,True,Truncation Failure,[],response tail/output cap,False,Underlying reasoning could still be faulty; a single truncation cannot establish inability.,historical_audit
math_test_geometry_243,math,True,Truncation Failure,[],response tail/output cap,False,Underlying reasoning could still be faulty; a single truncation cannot establish inability.,historical_audit
math_test_geometry_453,math,True,Truncation Failure,[],response tail/output cap,False,Underlying reasoning could still be faulty; a single truncation cannot establish inability.,historical_audit
math_test_prealgebra_334,math,False,Evaluator/Environment Issue,[],final answer comparison,True,Does not indicate a recovery need.,historical_audit
math_test_prealgebra_435,math,False,Evaluator/Environment Issue,[],final answer comparison,True,Does not indicate a recovery need.,historical_audit
math_test_intermediate_algebra_253,math,True,Truncation Failure,[],response tail/output cap,False,Underlying reasoning could still be faulty; a single truncation cannot establish inability.,historical_audit
math_test_intermediate_algebra_165,math,True,Truncation Failure,[],response tail/output cap,False,Underlying reasoning could still be faulty; a single truncation cannot establish inability.,historical_audit
math_test_counting_probability_40,math,True,Truncation Failure,[],response tail/output cap,False,Underlying reasoning could still be faulty; a single truncation cannot establish inability.,historical_audit
math_test_geometry_98,math,True,Truncation Failure,[],response tail/output cap,False,Underlying reasoning could still be faulty; a single truncation cannot establish inability.,historical_audit
math_test_intermediate_algebra_294,math,True,Truncation Failure,[],response tail/output cap,False,Underlying reasoning could still be faulty; a single truncation cannot establish inability.,historical_audit
math_test_intermediate_algebra_237,math,True,Truncation Failure,[],response tail/output cap,False,Underlying reasoning could still be faulty; a single truncation cannot establish inability.,historical_audit
math_test_intermediate_algebra_364,math,True,Truncation Failure,[],response tail/output cap,False,Underlying reasoning could still be faulty; a single truncation cannot establish inability.,historical_audit
math_test_intermediate_algebra_257,math,True,Truncation Failure,[],response tail/output cap,False,Underlying reasoning could still be faulty; a single truncation cannot establish inability.,historical_audit
math_test_intermediate_algebra_408,math,True,Truncation Failure,[],response tail/output cap,False,Underlying reasoning could still be faulty; a single truncation cannot establish inability.,historical_audit
math_test_intermediate_algebra_6,math,True,Truncation Failure,[],response tail/output cap,False,Underlying reasoning could still be faulty; a single truncation cannot establish inability.,historical_audit
math_test_intermediate_algebra_392,math,True,Truncation Failure,[],response tail/output cap,False,Underlying reasoning could still be faulty; a single truncation cannot establish inability.,historical_audit
math_test_geometry_66,math,True,Truncation Failure,[],response tail/output cap,False,Underlying reasoning could still be faulty; a single truncation cannot establish inability.,historical_audit
math_test_intermediate_algebra_593,math,True,Truncation Failure,[],response tail/output cap,False,Underlying reasoning could still be faulty; a single truncation cannot establish inability.,historical_audit
math_test_intermediate_algebra_763,math,True,Truncation Failure,[],response tail/output cap,False,Underlying reasoning could still be faulty; a single truncation cannot establish inability.,historical_audit
math_test_intermediate_algebra_557,math,True,Truncation Failure,[],response tail/output cap,False,Underlying reasoning could still be faulty; a single truncation cannot establish inability.,historical_audit
math_test_prealgebra_498,math,False,Evaluator/Environment Issue,[],final answer comparison,True,Does not indicate a recovery need.,historical_audit
math_test_number_theory_273,math,True,Truncation Failure,[],response tail/output cap,False,Underlying reasoning could still be faulty; a single truncation cannot establish inability.,historical_audit
math_test_prealgebra_131,math,True,Truncation Failure,[],response tail/output cap,False,Underlying reasoning could still be faulty; a single truncation cannot establish inability.,historical_audit
math_test_prealgebra_100,math,True,Truncation Failure,[],response tail/output cap,False,Underlying reasoning could still be faulty; a single truncation cannot establish inability.,historical_audit
math_test_prealgebra_573,math,True,Truncation Failure,[],response tail/output cap,False,Underlying reasoning could still be faulty; a single truncation cannot establish inability.,historical_audit
math_test_precalculus_219,math,True,Truncation Failure,[],response tail/output cap,False,Underlying reasoning could still be faulty; a single truncation cannot establish inability.,historical_audit
math_test_prealgebra_583,math,True,Truncation Failure,[],response tail/output cap,False,Underlying reasoning could still be faulty; a single truncation cannot establish inability.,historical_audit
math_test_prealgebra_743,math,True,Truncation Failure,[],response tail/output cap,False,Underlying reasoning could still be faulty; a single truncation cannot establish inability.,historical_audit
math_test_prealgebra_796,math,True,Truncation Failure,[],response tail/output cap,False,Underlying reasoning could still be faulty; a single truncation cannot establish inability.,historical_audit
mbpp_101,code,False,Answer/Format Failure,"[""Evaluator/Environment Issue""]",native first-code-block extraction,False,Complete function exists elsewhere in the same sealed output; zero-call public-entrypoint extraction passes all original public tests. No reasoning-repair claim.,historical_audit
mbpp_122,code,False,Verification Failure,"[""Unknown""]","[""assert smartNumber(50) == 273"", ""assert smartNumber(1000) == 2664""]",False,Public test failure alone does not distinguish a local implementation bug from an incorrect strategy.,historical_audit
mbpp_125,code,False,Answer/Format Failure,"[""Evaluator/Environment Issue""]",native first-code-block extraction,False,Complete function exists elsewhere in the same sealed output; zero-call public-entrypoint extraction passes all original public tests. No reasoning-repair claim.,historical_audit
mbpp_129,code,False,Answer/Format Failure,"[""Evaluator/Environment Issue""]",native first-code-block extraction,False,Complete function exists elsewhere in the same sealed output; zero-call public-entrypoint extraction passes all original public tests. No reasoning-repair claim.,historical_audit
mbpp_13,code,False,Verification Failure,"[""Unknown""]","[""assert count_common(['red','green','black','pink','black','white','black','eyes','white','black','orange','pink','pink','red','red','white','orange','white',\""black\"",'pink','green','green','pink','green','pink','white','orange',\""orange\"",'red']) == [('pink', 6), ('black', 5), ('white', 5), ('red', 4)]"", ""assert count_common(['one', 'two', 'three', 'four', 'five', 'one', 'two', 'one', 'three', 'one']) == [('one', 4), ('two', 2), ('three', 2), ('four', 1)]"", ""assert count_common(['Facebook', 'Apple', 'Amazon', 'Netflix', 'Google', 'Apple', 'Netflix', 'Amazon']) == [('Apple', 2), ('Amazon', 2), ('Netflix', 2), ('Facebook', 1)]""]",False,Public test failure alone does not distinguish a local implementation bug from an incorrect strategy.,historical_audit
mbpp_136,code,True,Truncation Failure,[],"[""assert cal_electbill(75)==246.25"", ""assert cal_electbill(265)==1442.75"", ""assert cal_electbill(100)==327.5""]",False,Public test failure alone does not distinguish a local implementation bug from an incorrect strategy.,historical_audit
mbpp_140,code,False,Answer/Format Failure,"[""Evaluator/Environment Issue""]",native first-code-block extraction,False,Complete function exists elsewhere in the same sealed output; zero-call public-entrypoint extraction passes all original public tests. No reasoning-repair claim.,historical_audit
mbpp_143,code,False,Verification Failure,"[""Unknown""]","[""assert find_lists(([9, 8, 7, 6, 5, 4, 3, 2, 1])) == 1""]",False,Public test failure alone does not distinguish a local implementation bug from an incorrect strategy.,historical_audit
mbpp_147,code,True,Truncation Failure,[],"[""assert max_path_sum([[1, 0, 0], [4, 8, 0], [1, 5, 3]], 2, 2) == 14"", ""assert max_path_sum([[13, 0, 0], [7, 4, 0], [2, 4, 6]], 2, 2) == 24 "", ""assert max_path_sum([[2, 0, 0], [11, 18, 0], [21, 25, 33]], 2, 2) == 53""]",False,Public test failure alone does not distinguish a local implementation bug from an incorrect strategy.,historical_audit
mbpp_149,code,True,Truncation Failure,[],"[""assert longest_subseq_with_diff_one([1, 2, 3, 4, 5, 3, 2], 7) == 6"", ""assert longest_subseq_with_diff_one([10, 9, 4, 5, 4, 8, 6], 7) == 3"", ""assert longest_subseq_with_diff_one([1, 2, 3, 2, 3, 7, 2, 1], 8) == 7""]",False,Public test failure alone does not distinguish a local implementation bug from an incorrect strategy.,historical_audit
mbpp_155,code,False,Verification Failure,"[""Unknown""]","[""assert even_bit_toggle_number(20) == 30"", ""assert even_bit_toggle_number(30) == 20""]",False,Public test failure alone does not distinguish a local implementation bug from an incorrect strategy.,historical_audit
mbpp_180,code,True,Truncation Failure,[],"[""assert distance_lat_long(23.5,67.5,25.5,69.5)==12179.372041317429"", ""assert distance_lat_long(10.5,20.5,30.5,40.5)==6069.397933300514"", ""assert distance_lat_long(10,20,30,40)==6783.751974994595""]",False,Public test failure alone does not distinguish a local implementation bug from an incorrect strategy.,historical_audit
mbpp_203,code,False,Answer/Format Failure,"[""Evaluator/Environment Issue""]",native first-code-block extraction,False,Complete function exists elsewhere in the same sealed output; zero-call public-entrypoint extraction passes all original public tests. No reasoning-repair claim.,historical_audit
mbpp_209,code,False,Verification Failure,"[""Unknown""]","[""assert heap_replace( [25, 44, 68, 21, 39, 23, 89],21)==[21, 25, 23, 44, 39, 68, 89]"", ""assert heap_replace([25, 44, 68, 21, 39, 23, 89],110)== [23, 25, 68, 44, 39, 110, 89]"", ""assert heap_replace([25, 44, 68, 21, 39, 23, 89],500)==[23, 25, 68, 44, 39, 500, 89]""]",False,Public test failure alone does not distinguish a local implementation bug from an incorrect strategy.,historical_audit
mbpp_218,code,True,Truncation Failure,[],"[""assert min_Operations(2,4) == 1"", ""assert min_Operations(4,10) == 4"", ""assert min_Operations(1,4) == 3""]",False,Public test failure alone does not distinguish a local implementation bug from an incorrect strategy.,historical_audit
mbpp_228,code,False,Answer/Format Failure,"[""Evaluator/Environment Issue""]",native first-code-block extraction,False,Complete function exists elsewhere in the same sealed output; zero-call public-entrypoint extraction passes all original public tests. No reasoning-repair claim.,historical_audit
mbpp_229,code,True,Truncation Failure,[],"[""assert re_arrange_array([-1, 2, -3, 4, 5, 6, -7, 8, 9], 9) == [-1, -3, -7, 4, 5, 6, 2, 8, 9]"", ""assert re_arrange_array([12, -14, -26, 13, 15], 5) == [-14, -26, 12, 13, 15]"", ""assert re_arrange_array([10, 24, 36, -42, -39, -78, 85], 7) == [-42, -39, -78, 10, 24, 36, 85]""]",False,Public test failure alone does not distinguish a local implementation bug from an incorrect strategy.,historical_audit
mbpp_231,code,False,Answer/Format Failure,"[""Evaluator/Environment Issue""]",native first-code-block extraction,False,Complete function exists elsewhere in the same sealed output; zero-call public-entrypoint extraction passes all original public tests. No reasoning-repair claim.,historical_audit
mbpp_235,code,True,Truncation Failure,[],"[""assert even_bit_set_number(10) == 10"", ""assert even_bit_set_number(20) == 30"", ""assert even_bit_set_number(30) == 30""]",False,Public test failure alone does not distinguish a local implementation bug from an incorrect strategy.,historical_audit
mbpp_236,code,False,Answer/Format Failure,"[""Evaluator/Environment Issue""]",native first-code-block extraction,False,Complete function exists elsewhere in the same sealed output; zero-call public-entrypoint extraction passes all original public tests. No reasoning-repair claim.,historical_audit
mbpp_239,code,True,Truncation Failure,[],"[""assert get_total_number_of_sequences(10, 4) == 4"", ""assert get_total_number_of_sequences(5, 2) == 6"", ""assert get_total_number_of_sequences(16, 3) == 84""]",False,Public test failure alone does not distinguish a local implementation bug from an incorrect strategy.,historical_audit
mbpp_245,code,True,Truncation Failure,[],"[""assert max_sum([1, 15, 51, 45, 33, 100, 12, 18, 9], 9) == 194"", ""assert max_sum([80, 60, 30, 40, 20, 10], 6) == 210"", ""assert max_sum([2, 3 ,14, 16, 21, 23, 29, 30], 8) == 138""]",False,Public test failure alone does not distinguish a local implementation bug from an incorrect strategy.,historical_audit
mbpp_247,code,True,Truncation Failure,[],"[""assert lps(\""TENS FOR TENS\"") == 5 "", ""assert lps(\""CARDIO FOR CARDS\"") == 7"", ""assert lps(\""PART OF THE JOURNEY IS PART\"") == 9 ""]",False,Public test failure alone does not distinguish a local implementation bug from an incorrect strategy.,historical_audit
mbpp_260,code,True,Truncation Failure,[],"[""assert newman_prime(3) == 7 "", ""assert newman_prime(4) == 17"", ""assert newman_prime(5) == 41""]",False,Public test failure alone does not distinguish a local implementation bug from an incorrect strategy.,historical_audit
mbpp_275,code,True,Truncation Failure,[],"[""assert get_Position([2,5,4],3,2) == 2"", ""assert get_Position([4,3],2,2) == 2"", ""assert get_Position([1,2,3,4],4,1) == 4""]",False,Public test failure alone does not distinguish a local implementation bug from an incorrect strategy.,historical_audit
mbpp_298,code,False,Answer/Format Failure,"[""Evaluator/Environment Issue""]",native first-code-block extraction,False,Complete function exists elsewhere in the same sealed output; zero-call public-entrypoint extraction passes all original public tests. No reasoning-repair claim.,historical_audit
mbpp_301,code,False,Answer/Format Failure,"[""Evaluator/Environment Issue""]",native first-code-block extraction,False,Complete function exists elsewhere in the same sealed output; zero-call public-entrypoint extraction passes all original public tests. No reasoning-repair claim.,historical_audit
mbpp_303,code,True,Truncation Failure,[],"[""assert solve([1,0,2],3) == True"", ""assert solve([1,2,0],3) == False"", ""assert solve([1,2,1],3) == True""]",False,Public test failure alone does not distinguish a local implementation bug from an incorrect strategy.,historical_audit
mbpp_304,code,True,Truncation Failure,[],"[""assert find_Element([1,2,3,4,5],[[0,2],[0,3]],2,1) == 3"", ""assert find_Element([1,2,3,4],[[0,1],[0,2]],1,2) == 3"", ""assert find_Element([1,2,3,4,5,6],[[0,1],[0,2]],1,1) == 1""]",False,Public test failure alone does not distinguish a local implementation bug from an incorrect strategy.,historical_audit
mbpp_307,code,False,Answer/Format Failure,"[""Evaluator/Environment Issue""]",native first-code-block extraction,False,Complete function exists elsewhere in the same sealed output; zero-call public-entrypoint extraction passes all original public tests. No reasoning-repair claim.,historical_audit
mbpp_31,code,True,Truncation Failure,[],"[""assert func([[1, 2, 6], [1, 3, 4, 5, 7, 8], [1, 3, 5, 6, 8, 9], [2, 5, 7, 11], [1, 4, 7, 8, 12]],3)==[5, 7, 1]"", ""assert func([[1, 2, 6], [1, 3, 4, 5, 7, 8], [1, 3, 5, 6, 8, 9], [2, 5, 7, 11], [1, 4, 7, 8, 12]],1)==[1]"", ""assert func([[1, 2, 6], [1, 3, 4, 5, 7, 8], [1, 3, 5, 6, 8, 9], [2, 5, 7, 11], [1, 4, 7, 8, 12]],5)==[6, 5, 7, 8, 1]""]",False,Public test failure alone does not distinguish a local implementation bug from an incorrect strategy.,historical_audit
mbpp_312,code,False,Verification Failure,"[""Unknown""]","[""assert volume_cone(19,17)==6426.651371693521""]",False,Public test failure alone does not distinguish a local implementation bug from an incorrect strategy.,historical_audit
mbpp_313,code,False,Verification Failure,"[""Unknown""]","[""assert pos_nos([-1,-2,1,2]) == 1,2"", ""assert pos_nos([3,4,-5]) == 3,4"", ""assert pos_nos([-2,-3,1]) == 1""]",False,Public test failure alone does not distinguish a local implementation bug from an incorrect strategy.,historical_audit
mbpp_314,code,True,Truncation Failure,[],"[""assert max_sum_rectangular_grid([ [1, 4, 5], [2, 0, 0 ] ], 3) == 7"", ""assert max_sum_rectangular_grid([ [ 1, 2, 3, 4, 5], [ 6, 7, 8, 9, 10] ], 5) == 24"", ""assert max_sum_rectangular_grid([ [7, 9, 11, 15, 19], [21, 25, 28, 31, 32] ], 5) == 81""]",False,Public test failure alone does not distinguish a local implementation bug from an incorrect strategy.,historical_audit
mbpp_323,code,False,Answer/Format Failure,"[""Evaluator/Environment Issue""]",native first-code-block extraction,False,Complete function exists elsewhere in the same sealed output; zero-call public-entrypoint extraction passes all original public tests. No reasoning-repair claim.,historical_audit
mbpp_337,code,False,Answer/Format Failure,"[""Evaluator/Environment Issue""]",native first-code-block extraction,False,Complete function exists elsewhere in the same sealed output; zero-call public-entrypoint extraction passes all original public tests. No reasoning-repair claim.,historical_audit
mbpp_34,code,True,Truncation Failure,[],"[""assert find_missing([1,2,3,5],4) == 4"", ""assert find_missing([1,3,4,5],4) == 2"", ""assert find_missing([1,2,3,5,6,7],5) == 4""]",False,Public test failure alone does not distinguish a local implementation bug from an incorrect strategy.,historical_audit
mbpp_342,code,False,Answer/Format Failure,"[""Evaluator/Environment Issue""]",native first-code-block extraction,False,Complete function exists elsewhere in the same sealed output; zero-call public-entrypoint extraction passes all original public tests. No reasoning-repair claim.,historical_audit
mbpp_355,code,True,Truncation Failure,[],"[""assert count_Rectangles(2) == 8"", ""assert count_Rectangles(1) == 1"", ""assert count_Rectangles(0) == 0""]",False,Public test failure alone does not distinguish a local implementation bug from an incorrect strategy.,historical_audit
mbpp_362,code,False,Verification Failure,"[""Unknown""]","[""assert max_occurrences([1,2,6,7,0,1,0,1,0]) == 1,0""]",False,Public test failure alone does not distinguish a local implementation bug from an incorrect strategy.,historical_audit
mbpp_367,code,False,Verification Failure,"[""Unknown""]","[""assert is_tree_balanced(root) == False"", ""assert is_tree_balanced(root1) == True"", ""assert is_tree_balanced(root2) == False""]",False,Public test failure alone does not distinguish a local implementation bug from an incorrect strategy.,historical_audit
mbpp_374,code,True,Truncation Failure,[],"[""assert permute_string('ab')==['ab', 'ba']"", ""assert permute_string('abc')==['abc', 'bac', 'bca', 'acb', 'cab', 'cba']"", ""assert permute_string('abcd')==['abcd', 'bacd', 'bcad', 'bcda', 'acbd', 'cabd', 'cbad', 'cbda', 'acdb', 'cadb', 'cdab', 'cdba', 'abdc', 'badc', 'bdac', 'bdca', 'adbc', 'dabc', 'dbac', 'dbca', 'adcb', 'dacb', 'dcab', 'dcba']""]",False,Public test failure alone does not distinguish a local implementation bug from an incorrect strategy.,historical_audit
mbpp_375,code,False,Verification Failure,"[""Unknown""]","[""assert round_num(219,2)==218""]",False,Public test failure alone does not distinguish a local implementation bug from an incorrect strategy.,historical_audit
mbpp_383,code,False,Answer/Format Failure,"[""Evaluator/Environment Issue""]",native first-code-block extraction,False,Complete function exists elsewhere in the same sealed output; zero-call public-entrypoint extraction passes all original public tests. No reasoning-repair claim.,historical_audit
mbpp_386,code,True,Truncation Failure,[],"[""assert swap_count(\""[]][][\"") == 2"", ""assert swap_count(\""[[][]]\"") == 0"", ""assert swap_count(\""[[][]]][\"") == 1""]",False,Public test failure alone does not distinguish a local implementation bug from an incorrect strategy.,historical_audit
mbpp_388,code,False,Answer/Format Failure,"[""Evaluator/Environment Issue""]",native first-code-block extraction,False,Complete function exists elsewhere in the same sealed output; zero-call public-entrypoint extraction passes all original public tests. No reasoning-repair claim.,historical_audit
mbpp_392,code,False,Answer/Format Failure,"[""Evaluator/Environment Issue""]",native first-code-block extraction,False,Complete function exists elsewhere in the same sealed output; zero-call public-entrypoint extraction passes all original public tests. No reasoning-repair claim.,historical_audit
mbpp_400,code,False,Answer/Format Failure,"[""Evaluator/Environment Issue""]",native first-code-block extraction,False,Complete function exists elsewhere in the same sealed output; zero-call public-entrypoint extraction passes all original public tests. No reasoning-repair claim.,historical_audit
mbpp_403,code,False,Answer/Format Failure,"[""Evaluator/Environment Issue""]",native first-code-block extraction,False,Complete function exists elsewhere in the same sealed output; zero-call public-entrypoint extraction passes all original public tests. No reasoning-repair claim.,historical_audit
mbpp_415,code,False,Verification Failure,"[""Unknown""]","[""assert max_Product([0,-1,-2,-4,5,0,-6]) == (-4,-6)""]",False,Public test failure alone does not distinguish a local implementation bug from an incorrect strategy.,historical_audit
mbpp_416,code,False,Verification Failure,"[""Unknown""]","[""assert breakSum(12) == 13"", ""assert breakSum(24) == 27"", ""assert breakSum(23) == 23""]",False,Public test failure alone does not distinguish a local implementation bug from an incorrect strategy.,historical_audit
mbpp_423,code,False,Answer/Format Failure,"[""Evaluator/Environment Issue""]",native first-code-block extraction,False,Complete function exists elsewhere in the same sealed output; zero-call public-entrypoint extraction passes all original public tests. No reasoning-repair claim.,historical_audit
mbpp_430,code,True,Truncation Failure,[],"[""assert parabola_directrix(5,3,2)==-198"", ""assert parabola_directrix(9,8,4)==-2336"", ""assert parabola_directrix(2,4,6)==-130""]",False,Public test failure alone does not distinguish a local implementation bug from an incorrect strategy.,historical_audit
mbpp_436,code,False,Verification Failure,"[""Unknown""]","[""assert neg_nos([-1,4,5,-6]) == -1,-6"", ""assert neg_nos([-1,-2,3,4]) == -1,-2"", ""assert neg_nos([-7,-6,8,9]) == -7,-6""]",False,Public test failure alone does not distinguish a local implementation bug from an incorrect strategy.,historical_audit
mbpp_438,code,True,Truncation Failure,[],"[""assert count_bidirectional([(5, 6), (1, 2), (6, 5), (9, 1), (6, 5), (2, 1)] ) == '3'"", ""assert count_bidirectional([(5, 6), (1, 3), (6, 5), (9, 1), (6, 5), (2, 1)] ) == '2'"", ""assert count_bidirectional([(5, 6), (1, 2), (6, 5), (9, 2), (6, 5), (2, 1)] ) == '4'""]",False,Public test failure alone does not distinguish a local implementation bug from an incorrect strategy.,historical_audit
mbpp_442,code,False,Answer/Format Failure,"[""Evaluator/Environment Issue""]",native first-code-block extraction,False,Complete function exists elsewhere in the same sealed output; zero-call public-entrypoint extraction passes all original public tests. No reasoning-repair claim.,historical_audit
mbpp_461,code,True,Truncation Failure,[],"[""assert upper_ctr('PYthon') == 1"", ""assert upper_ctr('BigData') == 1"", ""assert upper_ctr('program') == 0""]",False,Public test failure alone does not distinguish a local implementation bug from an incorrect strategy.,historical_audit
mbpp_481,code,False,Answer/Format Failure,"[""Evaluator/Environment Issue""]",native first-code-block extraction,False,Complete function exists elsewhere in the same sealed output; zero-call public-entrypoint extraction passes all original public tests. No reasoning-repair claim.,historical_audit
mbpp_483,code,True,Truncation Failure,[],"[""assert first_Factorial_Divisible_Number(10) == 5"", ""assert first_Factorial_Divisible_Number(15) == 5"", ""assert first_Factorial_Divisible_Number(5) == 4""]",False,Public test failure alone does not distinguish a local implementation bug from an incorrect strategy.,historical_audit
mbpp_493,code,True,Truncation Failure,[],"[""assert calculate_polygons(1,1, 4, 4, 3)==[[(-5.0, -4.196152422706632), (-5.0, -0.7320508075688767), (-2.0, 1.0), (1.0, -0.7320508075688767), (1.0, -4.196152422706632), (-2.0, -5.928203230275509), (-5.0, -4.196152422706632)], [(1.0, -4.196152422706632), (1.0, -0.7320508075688767), (4.0, 1.0), (7.0, -0.7320508075688767), (7.0, -4.196152422706632), (4.0, -5.928203230275509), (1.0, -4.196152422706632)], [(7.0, -4.196152422706632), (7.0, -0.7320508075688767), (10.0, 1.0), (13.0, -0.7320508075688767), (13.0, -4.196152422706632), (10.0, -5.928203230275509), (7.0, -4.196152422706632)], [(-2.0, 1.0000000000000004), (-2.0, 4.464101615137755), (1.0, 6.196152422706632), (4.0, 4.464101615137755), (4.0, 1.0000000000000004), (1.0, -0.7320508075688767), (-2.0, 1.0000000000000004)], [(4.0, 1.0000000000000004), (4.0, 4.464101615137755), (7.0, 6.196152422706632), (10.0, 4.464101615137755), (10.0, 1.0000000000000004), (7.0, -0.7320508075688767), (4.0, 1.0000000000000004)], [(-5.0, 6.196152422706632), (-5.0, 9.660254037844387), (-2.0, 11.392304845413264), (1.0, 9.660254037844387), (1.0, 6.196152422706632), (-2.0, 4.464101615137755), (-5.0, 6.196152422706632)], [(1.0, 6.196152422706632), (1.0, 9.660254037844387), (4.0, 11.392304845413264), (7.0, 9.660254037844387), (7.0, 6.196152422706632), (4.0, 4.464101615137755), (1.0, 6.196152422706632)], [(7.0, 6.196152422706632), (7.0, 9.660254037844387), (10.0, 11.392304845413264), (13.0, 9.660254037844387), (13.0, 6.196152422706632), (10.0, 4.464101615137755), (7.0, 6.196152422706632)], [(-2.0, 11.392304845413264), (-2.0, 14.85640646055102), (1.0, 16.588457268119896), (4.0, 14.85640646055102), (4.0, 11.392304845413264), (1.0, 9.660254037844387), (-2.0, 11.392304845413264)], [(4.0, 11.392304845413264), (4.0, 14.85640646055102), (7.0, 16.588457268119896), (10.0, 14.85640646055102), (10.0, 11.392304845413264), (7.0, 9.660254037844387), (4.0, 11.392304845413264)]]"", ""assert calculate_polygons(5,4,7,9,8)==[[(-11.0, -9.856406460551018), (-11.0, -0.6188021535170058), (-3.0, 4.0), (5.0, -0.6188021535170058), (5.0, -9.856406460551018), (-3.0, -14.475208614068023), (-11.0, -9.856406460551018)], [(5.0, -9.856406460551018), (5.0, -0.6188021535170058), (13.0, 4.0), (21.0, -0.6188021535170058), (21.0, -9.856406460551018), (13.0, -14.475208614068023), (5.0, -9.856406460551018)], [(21.0, -9.856406460551018), (21.0, -0.6188021535170058), (29.0, 4.0), (37.0, -0.6188021535170058), (37.0, -9.856406460551018), (29.0, -14.475208614068023), (21.0, -9.856406460551018)], [(-3.0, 4.0), (-3.0, 13.237604307034012), (5.0, 17.856406460551018), (13.0, 13.237604307034012), (13.0, 4.0), (5.0, -0.6188021535170058), (-3.0, 4.0)], [(13.0, 4.0), (13.0, 13.237604307034012), (21.0, 17.856406460551018), (29.0, 13.237604307034012), (29.0, 4.0), (21.0, -0.6188021535170058), (13.0, 4.0)], [(-11.0, 17.856406460551018), (-11.0, 27.09401076758503), (-3.0, 31.712812921102035), (5.0, 27.09401076758503), (5.0, 17.856406460551018), (-3.0, 13.237604307034012), (-11.0, 17.856406460551018)], [(5.0, 17.856406460551018), (5.0, 27.09401076758503), (13.0, 31.712812921102035), (21.0, 27.09401076758503), (21.0, 17.856406460551018), (13.0, 13.237604307034012), (5.0, 17.856406460551018)], [(21.0, 17.856406460551018), (21.0, 27.09401076758503), (29.0, 31.712812921102035), (37.0, 27.09401076758503), (37.0, 17.856406460551018), (29.0, 13.237604307034012), (21.0, 17.856406460551018)], [(-3.0, 31.712812921102035), (-3.0, 40.95041722813605), (5.0, 45.569219381653056), (13.0, 40.95041722813605), (13.0, 31.712812921102035), (5.0, 27.09401076758503), (-3.0, 31.712812921102035)], [(13.0, 31.712812921102035), (13.0, 40.95041722813605), (21.0, 45.569219381653056), (29.0, 40.95041722813605), (29.0, 31.712812921102035), (21.0, 27.09401076758503), (13.0, 31.712812921102035)]]"", ""assert calculate_polygons(9,6,4,3,2)==[[(5.0, 2.5358983848622456), (5.0, 4.8452994616207485), (7.0, 6.0), (9.0, 4.8452994616207485), (9.0, 2.5358983848622456), (7.0, 1.3811978464829942), (5.0, 2.5358983848622456)], [(7.0, 6.0), (7.0, 8.309401076758503), (9.0, 9.464101615137753), (11.0, 8.309401076758503), (11.0, 6.0), (9.0, 4.8452994616207485), (7.0, 6.0)]]""]",False,Public test failure alone does not distinguish a local implementation bug from an incorrect strategy.,historical_audit
mbpp_508,code,False,Answer/Format Failure,"[""Evaluator/Environment Issue""]",native first-code-block extraction,False,Complete function exists elsewhere in the same sealed output; zero-call public-entrypoint extraction passes all original public tests. No reasoning-repair claim.,historical_audit
mbpp_510,code,True,Truncation Failure,[],"[""assert no_of_subsequences([1,2,3,4], 10) == 11"", ""assert no_of_subsequences([4,8,7,2], 50) == 9"", ""assert no_of_subsequences([5,6,7,8], 15) == 4""]",False,Public test failure alone does not distinguish a local implementation bug from an incorrect strategy.,historical_audit
mbpp_56,code,False,Answer/Format Failure,"[""Evaluator/Environment Issue""]",native first-code-block extraction,False,Complete function exists elsewhere in the same sealed output; zero-call public-entrypoint extraction passes all original public tests. No reasoning-repair claim.,historical_audit
mbpp_60,code,False,Answer/Format Failure,"[""Evaluator/Environment Issue""]",native first-code-block extraction,False,Complete function exists elsewhere in the same sealed output; zero-call public-entrypoint extraction passes all original public tests. No reasoning-repair claim.,historical_audit
mbpp_63,code,False,Answer/Format Failure,"[""Evaluator/Environment Issue""]",native first-code-block extraction,False,Complete function exists elsewhere in the same sealed output; zero-call public-entrypoint extraction passes all original public tests. No reasoning-repair claim.,historical_audit
mbpp_77,code,True,Truncation Failure,[],"[""assert is_Diff (12345) == False"", ""assert is_Diff(1212112) == True"", ""assert is_Diff(1212) == False""]",False,Public test failure alone does not distinguish a local implementation bug from an incorrect strategy.,historical_audit
math_train_counting_probability_424,math,True,Truncation Failure,"[""Answer/Format Failure""]",provider output budget,False,Missing final output is observable; empty math response cannot support continuation of visible reasoning.,train_math
math_train_geometry_281,math,True,Truncation Failure,"[""Answer/Format Failure""]",provider output budget,False,Missing final output is observable; empty math response cannot support continuation of visible reasoning.,train_math
math_train_intermediate_algebra_337,math,True,Truncation Failure,"[""Answer/Format Failure""]",provider output budget,False,Missing final output is observable; empty math response cannot support continuation of visible reasoning.,train_math
math_train_number_theory_791,math,True,Truncation Failure,"[""Answer/Format Failure""]",provider output budget,False,Missing final output is observable; empty math response cannot support continuation of visible reasoning.,train_math
math_train_prealgebra_830,math,True,Truncation Failure,"[""Answer/Format Failure""]",provider output budget,False,Missing final output is observable; empty math response cannot support continuation of visible reasoning.,train_math
math_train_precalculus_444,math,True,Truncation Failure,"[""Answer/Format Failure""]",provider output budget,False,Missing final output is observable; empty math response cannot support continuation of visible reasoning.,train_math
math_train_prealgebra_76,math,False,Constraint Failure,[],adds unrequested exact-payment constraint,False,"Payment wording admits pragmatic ambiguity; a semantic assumption failure relative to dataset reference, not a verified arithmetic error.",train_math
mbpp_train_780,code,False,Answer/Format Failure,"[""Evaluator/Environment Issue""]",native first-code-block extraction,False,No algorithm-recovery need demonstrated; zero-call extraction passes offline tests.,train_code
mbpp_train_793,code,False,Answer/Format Failure,"[""Evaluator/Environment Issue""]",native first-code-block extraction,False,No algorithm-recovery need demonstrated; zero-call extraction passes offline tests.,train_code
mbpp_train_786,code,False,Answer/Format Failure,"[""Evaluator/Environment Issue""]",native first-code-block extraction,False,No algorithm-recovery need demonstrated; zero-call extraction passes offline tests.,train_code
mbpp_train_757,code,False,Verification Failure,"[""Unknown""]",offline code tests,False,"Test failure established, but local bug versus strategy versus specification ambiguity unresolved.",train_code
mbpp_train_612,code,False,Answer/Format Failure,"[""Evaluator/Environment Issue""]",native first-code-block extraction,False,No algorithm-recovery need demonstrated; zero-call extraction passes offline tests.,train_code
mbpp_train_712,code,False,Verification Failure,"[""Unknown""]",offline code tests,False,"Test failure established, but local bug versus strategy versus specification ambiguity unresolved.",train_code
mbpp_train_822,code,False,Answer/Format Failure,"[""Evaluator/Environment Issue""]",native first-code-block extraction,False,No algorithm-recovery need demonstrated; zero-call extraction passes offline tests.,train_code
mbpp_train_691,code,False,Answer/Format Failure,"[""Evaluator/Environment Issue""]",native first-code-block extraction,False,No algorithm-recovery need demonstrated; zero-call extraction passes offline tests.,train_code
mbpp_train_802,code,True,Truncation Failure,"[""Answer/Format Failure""]",provider output budget,False,Missing final output is observable; empty math response cannot support continuation of visible reasoning.,train_code
mbpp_train_650,code,False,Answer/Format Failure,"[""Evaluator/Environment Issue""]",native first-code-block extraction,False,No algorithm-recovery need demonstrated; zero-call extraction passes offline tests.,train_code
mbpp_train_865,code,False,Answer/Format Failure,"[""Evaluator/Environment Issue""]",native first-code-block extraction,False,No algorithm-recovery need demonstrated; zero-call extraction passes offline tests.,train_code
math_train_geometry_575,math,True,Truncation Failure,"[""Answer/Format Failure""]",provider output budget,False,Missing final output is observable; empty math response cannot support continuation of visible reasoning.,confirmation
math_train_geometry_775,math,True,Truncation Failure,"[""Answer/Format Failure""]",provider output budget,False,Missing final output is observable; empty math response cannot support continuation of visible reasoning.,confirmation
math_train_intermediate_algebra_475,math,True,Truncation Failure,"[""Answer/Format Failure""]",provider output budget,False,Missing final output is observable; empty math response cannot support continuation of visible reasoning.,confirmation
math_train_intermediate_algebra_501,math,True,Truncation Failure,"[""Answer/Format Failure""]",provider output budget,False,Missing final output is observable; empty math response cannot support continuation of visible reasoning.,confirmation
math_train_prealgebra_615,math,True,Truncation Failure,"[""Answer/Format Failure""]",provider output budget,False,Missing final output is observable; empty math response cannot support continuation of visible reasoning.,confirmation
mbpp_train_968,code,False,Unknown,"[""Strategy Failure"", ""Evaluator/Environment Issue""]",underspecified periodic function; hidden mismatch with one public example,False,Cannot distinguish model strategy weakness from insufficient public specification; do not inject hidden counterexample.,confirmation
mbpp_train_747,code,False,Answer/Format Failure,"[""Evaluator/Environment Issue""]",native first-code-block extraction,False,No algorithm-recovery need demonstrated; zero-call extraction passes offline tests.,confirmation
mbpp_train_696,code,False,Answer/Format Failure,"[""Evaluator/Environment Issue""]",native first-code-block extraction,False,No algorithm-recovery need demonstrated; zero-call extraction passes offline tests.,confirmation
mbpp_train_842,code,False,Answer/Format Failure,"[""Evaluator/Environment Issue""]",native first-code-block extraction,False,No algorithm-recovery need demonstrated; zero-call extraction passes offline tests.,confirmation
mbpp_train_954,code,False,Answer/Format Failure,"[""Evaluator/Environment Issue""]",native first-code-block extraction,False,No algorithm-recovery need demonstrated; zero-call extraction passes offline tests.,confirmation
mbpp_train_827,code,False,Answer/Format Failure,"[""Evaluator/Environment Issue""]",native first-code-block extraction,False,No algorithm-recovery need demonstrated; zero-call extraction passes offline tests.,confirmation
mbpp_train_629,code,False,Answer/Format Failure,"[""Evaluator/Environment Issue""]",native first-code-block extraction,False,No algorithm-recovery need demonstrated; zero-call extraction passes offline tests.,confirmation
mbpp_train_792,code,False,Answer/Format Failure,"[""Evaluator/Environment Issue""]",native first-code-block extraction,False,No algorithm-recovery need demonstrated; zero-call extraction passes offline tests.,confirmation
