task_id,domain,action,correct,additional_tokens,call_id
math_train_counting_probability_424,math,retry,False,4353,90f6458433f4b10efb45be909138f7398a3a445b0805d9fabbd6ca635ad6863d
math_train_geometry_281,math,continue,True,3820,a25ab4011c7846291c008ed912d817b85c3065bfdd4841e1400b8e9216ec7923
math_train_counting_probability_424,math,continue,False,4388,a177db1b9b2264c1b8dfe04e1d40bda737b8a78e66e9dfc271264747d5662ab6
math_train_counting_probability_424,math,repair,False,4397,2e2cdc52f1f3d53ead63db792a212e655135a96481c7de22e99deb654ea1e676
math_train_geometry_281,math,repair,True,2297,cf0952cd4d36667a5e81880dd12d7f6a88da8630e564e14068d04a10eaf36781
math_train_geometry_281,math,retry,True,2688,2b85978e7a0b5abe1bfeafc2d22c1b026b5cb368704abf8d676984b2dd9cf268
math_train_counting_probability_424,math,replan,False,4388,bd32a764dd01371a0cc77d474ca64aaffa837baac4ae546a8a87ca8eb53e63f0
math_train_geometry_281,math,replan,True,2861,16dfe0741661a3818585a76ab3284cf29fadfe660ad9bf1eed9702c01e0f3c0d
math_train_intermediate_algebra_337,math,continue,True,3736,3d380f8fd66a928816973c331368d1902e7671be3fbd4436b91bb900dd959b8c
math_train_intermediate_algebra_337,math,retry,False,4235,349e886ddc150abbb68dbf341eda5fa602c771aa95270475c72ca54e52c8bb17
math_train_intermediate_algebra_337,math,repair,False,4279,ed28102d103218f3f5cdeaf8ea1640325be10c8b6d88e9d40892fa03c87a1678
math_train_number_theory_791,math,continue,False,4284,fe39e2ada16202131f8b3bde0f7ad706927025c1540535bb7f3c4258b1220b32
math_train_intermediate_algebra_337,math,replan,True,3791,56e52b0bd5e338f9bd353236ada158c1beba98c602ec160905ff2392b94fef5f
math_train_number_theory_791,math,retry,False,4249,4f50ca0588714dd7d13826da3a3c04c9e317f7c995f21da372b41c2e3088d40b
math_train_number_theory_791,math,repair,False,4293,2aa81dbeee96598e681b992bc86809869a87ed616b844dc0028939536b6de758
math_train_number_theory_791,math,replan,False,4284,fb0e4ebbb6b15f2d60c8a9a9b4481f2f7c7184258d39774b3a1c247a969976a6
math_train_prealgebra_830,math,continue,True,3642,fb43700c15a81ee453ac5453163b4519134ada088416bc41201161b0c4d84fea
math_train_prealgebra_830,math,retry,True,3429,883716ed5293e1bd05aaf4e956963df664e18f47158553314c4ecb4185cd7b6b
math_train_prealgebra_830,math,repair,False,4337,cee7a19b4154c4f64fa36a8da72912e3868b2364f12dbf9cbcde6d7e955d201c
math_train_prealgebra_830,math,replan,False,4328,783fb86317884af4f5fb5a9e3330705eda125c48d41dba79dd38f73634b3e176
math_train_precalculus_444,math,retry,False,4318,07d0af0313638ec8814cefa6da05ae6ee57b734fce7513ed927953c810a9c14a
math_train_precalculus_444,math,continue,False,4353,dde1e50118d333619cbc48affa7bc8ff2634a52ea38080f01c467afcef021f7e
math_train_precalculus_444,math,repair,False,4362,3432217d16a1495616e1b2962e397c4601fe7529fb5d6354a009832e55dd3311
math_train_precalculus_444,math,replan,False,4353,be113cc29e7d906b91a6ffda6c75bbfb27a613c3862893f7355fa92703db79ec
math_train_prealgebra_76,math,continue,False,2622,6f04f49d15094fa47b3db053b51208f9707afc768baedc6aaa857d12607ead7e
math_train_prealgebra_76,math,retry,False,4216,068332967a29785e955ee4f4004769f08877b19b2e314197af48bee1679c92b4
math_train_prealgebra_76,math,repair,False,4456,d2a612f9b334ee025f5e742ee8c979d42469494bde5aaf8d4897ee7e5a502b15
math_train_prealgebra_76,math,replan,False,4530,0c105ce2bdfd7d6b1e12387a258be6e18c98fd64d43046e77015806bd5e6821c
mbpp_train_822,code,retry,False,534,e8665930835112e9e29c128273e9bb62b228ed583bec622cd59eaf5a031bc0f1
mbpp_train_865,code,continue,False,839,c0f33a985758d2215444ce9d394a22c2cbbc48ae368f6698ea955c7063cdc65e
mbpp_train_865,code,retry,False,401,ca70baa13f70871f1d39f0ea6a7523bb33bfcc71d779fe80c3b85eedf7c15c58
mbpp_train_865,code,replan,False,960,c8e33a519c4968f43505aa37b38f6cc870489fed73c5064ffab056dcf424ab3c
mbpp_train_650,code,continue,False,792,4830c20056c9cfcadbc292e1695e662a7c90fda4ca260bbc5906a68814bb5462
mbpp_train_650,code,retry,False,409,754de2915b2e290bd5d54bf21447bcb794a55fe3c67e6c22415211976224432c
mbpp_train_865,code,repair,False,878,225a9bf251a12cb5f1cb51070882b127b613fb53fc19e25b6e315c025c7ca9d4
mbpp_train_822,code,continue,False,1430,af9df76d11fc6119bbcb6d858f2e3c69dfb602d2cef815daaf282e70dbc33539
mbpp_train_822,code,repair,False,1230,a35e34ad082e0b8ce456e07852f5dff6dea848423f7b4a74bc2f04851026fa1f
mbpp_train_650,code,repair,True,721,c2dae9c1a1277ff42f20b2c332ac5127ffd868ade3a7d2a01b8c60d9d4dcd70d
mbpp_train_786,code,retry,True,561,0295248799d8efce4cdcd0e4ca1d19649650309b37f9b4427e297cf5b1be7200
mbpp_train_822,code,replan,True,1518,e1cebee2ecf891fe83c6aa07f6c3cbcef642e4b89a62e6d800f9f0e54c1367e4
mbpp_train_650,code,replan,False,1125,126410b6feeb7c0ed546d6aa32e47d2e3663402a59421f1dd082ffc0f26a525e
mbpp_train_712,code,continue,False,2545,6c742eb1b349f27523027d30d785d64af26f628341fde42608f62ca21d1d0a8c
mbpp_train_712,code,replan,False,2545,2e69a0861bc79639b3fed09410f1d589ec894f3f4e7b98c18221ecdfa084e6b8
mbpp_train_712,code,retry,False,2171,30e8acc1089db288955f660608a1a886e0b0cf67a8b1957816e45bbf8eee7401
mbpp_train_691,code,retry,True,538,d64e1de4170dbe50f7af55637648172593a02a7c5f39e5a7a86e428c647c771e
mbpp_train_712,code,repair,False,2641,29561439b622d41f7ff09293b1f7a8c3ae070f0d1565c4041d3dd4570ca0ed8f
mbpp_train_691,code,repair,True,1206,2a6e01b1b0494160521aa11f81fb514f23687a719d0b860d599cfa6f8b606f3a
mbpp_train_780,code,retry,False,816,3c537fa24da27db90110a7084708797302439c84ec10e19c989214f11d2ed2e2
mbpp_train_802,code,retry,False,2066,a93fb3346b670ff4af307abbda50d1a06ebb6fdb009f4ac8e761ad45234fa8ef
