domain,method,n_planned,n_complete,initial_correct,final_correct,unknown,accuracy_lower_bound,input_tokens,output_tokens,total_tokens,llm_calls,extra_tokens,rescued,harmed,false_trigger,triggered,mean_tokens,extra_tokens_per_rescue,adapter_correct,memory_consulted,memory_overrides
all,single,48,48,35,35,0,0.7291666666666666,5891,48960,54851,48,0,0,0,0,0,1142.7291666666667,,42,0,0
all,fixed_retry,48,48,35,35,0,0.7291666666666666,11782,98755,110537,96,55686,2,2,35,48,2302.8541666666665,27843.0,42,0,0
all,deterministic_retry,48,48,35,37,0,0.7708333333333334,7637,70305,77942,60,23091,2,0,0,12,1623.7916666666667,11545.5,43,0,0
all,A,48,48,35,39,0,0.8125,10896,70940,81836,60,26985,4,0,0,12,1704.9166666666667,6746.25,43,0,0
all,C,48,48,35,39,0,0.8125,10896,70940,81836,60,26985,4,0,0,12,1704.9166666666667,6746.25,43,12,0
all,C_shuffled,48,48,35,37,0,0.7708333333333334,7637,70305,77942,60,23091,2,0,0,12,1623.7916666666667,11545.5,43,12,12
math,single,24,24,19,19,0,0.7916666666666666,3469,39035,42504,24,0,0,0,0,0,1771.0,,19,0,0
math,fixed_retry,24,24,19,19,0,0.7916666666666666,6938,76989,83927,48,41423,1,1,19,24,3496.9583333333335,41423.0,19,0,0
math,deterministic_retry,24,24,19,20,0,0.8333333333333334,4460,58115,62575,29,20071,1,0,0,5,2607.2916666666665,20071.0,20,0,0
math,A,24,24,19,20,0,0.8333333333333334,4635,57659,62294,29,19790,1,0,0,5,2595.5833333333335,19790.0,20,0,0
math,C,24,24,19,20,0,0.8333333333333334,4635,57659,62294,29,19790,1,0,0,5,2595.5833333333335,19790.0,20,5,0
math,C_shuffled,24,24,19,20,0,0.8333333333333334,4460,58115,62575,29,20071,1,0,0,5,2607.2916666666665,20071.0,20,5,5
code,single,24,24,16,16,0,0.6666666666666666,2422,9925,12347,24,0,0,0,0,0,514.4583333333334,,23,0,0
code,fixed_retry,24,24,16,16,0,0.6666666666666666,4844,21766,26610,48,14263,1,1,16,24,1108.75,14263.0,23,0,0
code,deterministic_retry,24,24,16,17,0,0.7083333333333334,3177,12190,15367,31,3020,1,0,0,7,640.2916666666666,3020.0,23,0,0
code,A,24,24,16,19,0,0.7916666666666666,6261,13281,19542,31,7195,3,0,0,7,814.25,2398.3333333333335,23,0,0
code,C,24,24,16,19,0,0.7916666666666666,6261,13281,19542,31,7195,3,0,0,7,814.25,2398.3333333333335,23,7,0
code,C_shuffled,24,24,16,17,0,0.7083333333333334,3177,12190,15367,31,3020,1,0,0,7,640.2916666666666,3020.0,23,7,7
