branch,answer_type,v3_status,records
adaptive,base_numeral,correct,6
adaptive,choice,correct,3
adaptive,equation,correct,4
adaptive,expression,correct,364
adaptive,expression,incorrect,1
adaptive,expression,prediction_incomplete,2
adaptive,expression,unknown,1
adaptive,finite_set,correct,11
adaptive,interval,correct,4
adaptive,matrix,correct,5
adaptive,percentage,correct,2
adaptive,polynomial,correct,5
adaptive,quantity,correct,80
adaptive,quantity,prediction_incomplete,1
adaptive,text,correct,1
adaptive,tuple,correct,10
base,base_numeral,correct,6
base,choice,correct,3
base,equation,correct,4
base,expression,correct,344
base,expression,prediction_incomplete,23
base,expression,unknown,1
base,finite_set,correct,11
base,interval,correct,4
base,matrix,correct,5
base,percentage,correct,2
base,polynomial,correct,5
base,quantity,correct,71
base,quantity,prediction_incomplete,10
base,text,correct,1
base,tuple,correct,10
