calls,input_tokens,output_tokens,phase,run_id,scope,total_tokens
700,91262,704173,trace_generation,flowevo_bot_v2_math500,historical_build,795435
12,27638,47452,distillation,flowevo_bot_v2_math500,historical_build,75090
12,28730,66092,skill_revision,flowevo_bot_v2_math500,historical_build,94822
78,14924,89460,skill_validation,flowevo_bot_v2_math500,historical_build,104384
2,7008,7255,distillation,flowevo_bot_v2_math500,incremental,14263
1,4032,3278,skill_revision,flowevo_bot_v2_math500,incremental,7310
60,9546,71197,shadow_validation,flowevo_bot_v2_math500,incremental,80743
0,0,0,trace_processing,flowevo_bot_v2_math500,incremental,0
0,0,0,clustering,flowevo_bot_v2_math500,incremental,0
0,0,0,admission,flowevo_bot_v2_math500,incremental,0
0,0,0,online_retrieval,flowevo_bot_v2_math500,incremental,0
0,0,0,formal_test_inference,flowevo_bot_v2_math500,incremental,0
