LLM_needed_total,coverage_percent,denominator,direct_correct,direct_false,direct_precision_wilson95,direct_unknown,end_to_end_accuracy,family,full,goal_parsed,guard_pass,lexical_or_parsed_family_candidates,method,new_LLM_tokens,new_api_calls,other_fallback,partial_available_not_executed,split
1529,1.291156,1549,20,0,"[0.838874841947188, 0.9999999999999999]",0,,ALL,20,20,20,1549,B_Manual,0,0,1517,12,ALL
56,0.516462,1549,8,0,"[0.6755924351161318, 1.0]",0,,root_symmetric,8,8,8,64,B_Manual,0,0,44,12,ALL
0,0.774693,1549,12,0,"[0.7575059933447693, 1.0]",0,,polynomial_remainder,12,12,12,12,B_Manual,0,0,0,0,ALL
1547,0.129116,1549,2,0,"[0.34238022750666547, 1.0]",0,,ALL,2,20,20,1549,C_Automatic,0,0,1535,12,ALL
62,0.129116,1549,2,0,"[0.34238022750666547, 1.0]",0,,root_symmetric,2,8,8,64,C_Automatic,0,0,50,12,ALL
12,0.0,1549,0,0,,0,,polynomial_remainder,0,12,12,12,C_Automatic,0,0,12,0,ALL
415,4.37788,434,19,0,"[0.8318207759473915, 1.0]",0,,ALL,19,19,19,434,B_Manual,0,0,409,6,engineering
31,1.612903,434,7,0,"[0.6456695649333253, 1.0]",0,,root_symmetric,7,7,7,38,B_Manual,0,0,25,6,engineering
0,2.764977,434,12,0,"[0.7575059933447693, 1.0]",0,,polynomial_remainder,12,12,12,12,B_Manual,0,0,0,0,engineering
433,0.230415,434,1,0,"[0.20654931437724644, 0.9999999999999999]",0,,ALL,1,19,19,434,C_Automatic,0,0,427,6,engineering
37,0.230415,434,1,0,"[0.20654931437724644, 0.9999999999999999]",0,,root_symmetric,1,7,7,38,C_Automatic,0,0,31,6,engineering
12,0.0,434,0,0,,0,,polynomial_remainder,0,12,12,12,C_Automatic,0,0,12,0,engineering
1114,0.089686,1115,1,0,"[0.20654931437724644, 0.9999999999999999]",0,,ALL,1,1,1,1115,B_Manual,0,0,1108,6,reserved
25,0.089686,1115,1,0,"[0.20654931437724644, 0.9999999999999999]",0,,root_symmetric,1,1,1,26,B_Manual,0,0,19,6,reserved
0,0.0,1115,0,0,,0,,polynomial_remainder,0,0,0,0,B_Manual,0,0,0,0,reserved
1114,0.089686,1115,1,0,"[0.20654931437724644, 0.9999999999999999]",0,,ALL,1,1,1,1115,C_Automatic,0,0,1108,6,reserved
25,0.089686,1115,1,0,"[0.20654931437724644, 0.9999999999999999]",0,,root_symmetric,1,1,1,26,C_Automatic,0,0,19,6,reserved
0,0.0,1115,0,0,,0,,polynomial_remainder,0,0,0,0,C_Automatic,0,0,0,0,reserved
