actually_saved_tokens_vs_new_NoBank,correct,direct_submissions,execution_attempted,execution_seconds,local_seconds,macro_id,method,retrieval_seconds,selected,split,structurally_avoidable_calls_if_deployed,verification_seconds
,12,12,12,0.011257566919084638,0.7594911208725534,manual_polynomial_remainder,B_Manual,0.0,12,ALL,12,0.1067501789657399
,2,2,2,0.0002768340054899454,0.18491274403641,manual_power_sum,B_Manual,0.0,2,ALL,2,0.00127455493202433
,1,1,1,5.916302325204015e-05,0.01379484700737521,manual_reciprocal_sum,B_Manual,0.0,1,ALL,1,0.00045595597475767136
,2,2,2,0.00017230602679774165,0.39652749797096476,manual_root_sum,B_Manual,0.0,2,ALL,2,0.0017890249728225172
,3,3,3,0.010860742011573166,0.3201740440563299,manual_symmetric_rational,B_Manual,0.0,3,ALL,3,0.011804297042544931
,0,0,0,0,0,auto_root_product_50c8c84e379b,C_Automatic,0,0,ALL,0,0
,2,2,2,0.015416318026836962,0.22690303402487189,auto_root_sum_ec5bcdb3d7dc,C_Automatic,0.015098951000254601,2,ALL,2,0.0008786290418356657
,12,12,12,0.011257566919084638,0.7594911208725534,manual_polynomial_remainder,B_Manual,0.0,12,engineering,12,0.1067501789657399
,2,2,2,0.0002768340054899454,0.18491274403641,manual_power_sum,B_Manual,0.0,2,engineering,2,0.00127455493202433
,1,1,1,5.916302325204015e-05,0.01379484700737521,manual_reciprocal_sum,B_Manual,0.0,1,engineering,1,0.00045595597475767136
,1,1,1,8.899299427866936e-05,0.20800361497094855,manual_root_sum,B_Manual,0.0,1,engineering,1,0.0006467649945989251
,3,3,3,0.010860742011573166,0.3201740440563299,manual_symmetric_rational,B_Manual,0.0,3,engineering,3,0.011804297042544931
,0,0,0,0,0,auto_root_product_50c8c84e379b,C_Automatic,0,0,engineering,0,0
,1,1,1,0.0038300930173136294,0.21421690500574186,auto_root_sum_ec5bcdb3d7dc,C_Automatic,0.0036426850128918886,1,engineering,1,0.0006601290078833699
,1,1,1,8.33130325190723e-05,0.1885238830000162,manual_root_sum,B_Manual,0.0,1,reserved,1,0.001142259978223592
,0,0,0,0,0,auto_root_product_50c8c84e379b,C_Automatic,0,0,reserved,0,0
,1,1,1,0.011586225009523332,0.012686129019130021,auto_root_sum_ec5bcdb3d7dc,C_Automatic,0.011456265987362713,1,reserved,1,0.00021850003395229578
