task_id,budget,input_tokens,output_tokens,total_tokens,reasoning_tokens,stage,new_spend,correct,finish_reason,model,temperature,evidence,reference_commit,evaluator_sha256
math_test_counting_probability_101,4096,218,4096,4314,4096,historical,False,False,length,deepseek-flash,0.0,evidence/baseline_500.json#math_test_counting_probability_101,6acc7335bbe6b731ef3e387d573b6689b90c0550,f6a583a12f4224ef3a07a9a76f7ba1895d268f7aa8ca31b1c1caac595cd0a4e8
math_test_counting_probability_40,4096,95,4096,4191,4096,historical,False,False,length,deepseek-flash,0.0,evidence/baseline_500.json#math_test_counting_probability_40,6acc7335bbe6b731ef3e387d573b6689b90c0550,f6a583a12f4224ef3a07a9a76f7ba1895d268f7aa8ca31b1c1caac595cd0a4e8
math_test_geometry_214,4096,504,4096,4600,4096,historical,False,False,length,deepseek-flash,0.0,evidence/baseline_500.json#math_test_geometry_214,6acc7335bbe6b731ef3e387d573b6689b90c0550,f6a583a12f4224ef3a07a9a76f7ba1895d268f7aa8ca31b1c1caac595cd0a4e8
math_test_geometry_243,4096,275,4096,4371,4096,historical,False,False,length,deepseek-flash,0.0,evidence/baseline_500.json#math_test_geometry_243,6acc7335bbe6b731ef3e387d573b6689b90c0550,f6a583a12f4224ef3a07a9a76f7ba1895d268f7aa8ca31b1c1caac595cd0a4e8
math_test_geometry_453,4096,255,4096,4351,4096,historical,False,False,length,deepseek-flash,0.0,evidence/baseline_500.json#math_test_geometry_453,6acc7335bbe6b731ef3e387d573b6689b90c0550,f6a583a12f4224ef3a07a9a76f7ba1895d268f7aa8ca31b1c1caac595cd0a4e8
math_test_geometry_66,4096,103,4096,4199,4096,historical,False,False,length,deepseek-flash,0.0,evidence/baseline_500.json#math_test_geometry_66,6acc7335bbe6b731ef3e387d573b6689b90c0550,f6a583a12f4224ef3a07a9a76f7ba1895d268f7aa8ca31b1c1caac595cd0a4e8
math_test_geometry_98,4096,333,4096,4429,4096,historical,False,False,length,deepseek-flash,0.0,evidence/baseline_500.json#math_test_geometry_98,6acc7335bbe6b731ef3e387d573b6689b90c0550,f6a583a12f4224ef3a07a9a76f7ba1895d268f7aa8ca31b1c1caac595cd0a4e8
math_test_intermediate_algebra_165,4096,126,4096,4222,4096,historical,False,False,length,deepseek-flash,0.0,evidence/baseline_500.json#math_test_intermediate_algebra_165,6acc7335bbe6b731ef3e387d573b6689b90c0550,f6a583a12f4224ef3a07a9a76f7ba1895d268f7aa8ca31b1c1caac595cd0a4e8
math_test_intermediate_algebra_237,4096,169,4096,4265,4096,historical,False,False,length,deepseek-flash,0.0,evidence/baseline_500.json#math_test_intermediate_algebra_237,6acc7335bbe6b731ef3e387d573b6689b90c0550,f6a583a12f4224ef3a07a9a76f7ba1895d268f7aa8ca31b1c1caac595cd0a4e8
math_test_intermediate_algebra_253,4096,95,4096,4191,4096,historical,False,False,length,deepseek-flash,0.0,evidence/baseline_500.json#math_test_intermediate_algebra_253,6acc7335bbe6b731ef3e387d573b6689b90c0550,f6a583a12f4224ef3a07a9a76f7ba1895d268f7aa8ca31b1c1caac595cd0a4e8
math_test_intermediate_algebra_257,4096,105,4096,4201,4096,historical,False,False,length,deepseek-flash,0.0,evidence/baseline_500.json#math_test_intermediate_algebra_257,6acc7335bbe6b731ef3e387d573b6689b90c0550,f6a583a12f4224ef3a07a9a76f7ba1895d268f7aa8ca31b1c1caac595cd0a4e8
math_test_intermediate_algebra_294,4096,111,4096,4207,4096,historical,False,False,length,deepseek-flash,0.0,evidence/baseline_500.json#math_test_intermediate_algebra_294,6acc7335bbe6b731ef3e387d573b6689b90c0550,f6a583a12f4224ef3a07a9a76f7ba1895d268f7aa8ca31b1c1caac595cd0a4e8
math_test_intermediate_algebra_364,4096,109,4096,4205,4096,historical,False,False,length,deepseek-flash,0.0,evidence/baseline_500.json#math_test_intermediate_algebra_364,6acc7335bbe6b731ef3e387d573b6689b90c0550,f6a583a12f4224ef3a07a9a76f7ba1895d268f7aa8ca31b1c1caac595cd0a4e8
math_test_intermediate_algebra_392,4096,127,4096,4223,4096,historical,False,False,length,deepseek-flash,0.0,evidence/baseline_500.json#math_test_intermediate_algebra_392,6acc7335bbe6b731ef3e387d573b6689b90c0550,f6a583a12f4224ef3a07a9a76f7ba1895d268f7aa8ca31b1c1caac595cd0a4e8
math_test_intermediate_algebra_408,4096,108,4096,4204,4096,historical,False,False,length,deepseek-flash,0.0,evidence/baseline_500.json#math_test_intermediate_algebra_408,6acc7335bbe6b731ef3e387d573b6689b90c0550,f6a583a12f4224ef3a07a9a76f7ba1895d268f7aa8ca31b1c1caac595cd0a4e8
math_test_intermediate_algebra_557,4096,137,4096,4233,4096,historical,False,False,length,deepseek-flash,0.0,evidence/baseline_500.json#math_test_intermediate_algebra_557,6acc7335bbe6b731ef3e387d573b6689b90c0550,f6a583a12f4224ef3a07a9a76f7ba1895d268f7aa8ca31b1c1caac595cd0a4e8
math_test_intermediate_algebra_593,4096,94,4096,4190,4096,historical,False,False,length,deepseek-flash,0.0,evidence/baseline_500.json#math_test_intermediate_algebra_593,6acc7335bbe6b731ef3e387d573b6689b90c0550,f6a583a12f4224ef3a07a9a76f7ba1895d268f7aa8ca31b1c1caac595cd0a4e8
math_test_intermediate_algebra_6,4096,297,4096,4393,3624,historical,False,False,length,deepseek-flash,0.0,evidence/baseline_500.json#math_test_intermediate_algebra_6,6acc7335bbe6b731ef3e387d573b6689b90c0550,f6a583a12f4224ef3a07a9a76f7ba1895d268f7aa8ca31b1c1caac595cd0a4e8
math_test_intermediate_algebra_763,4096,110,4096,4206,4096,historical,False,False,length,deepseek-flash,0.0,evidence/baseline_500.json#math_test_intermediate_algebra_763,6acc7335bbe6b731ef3e387d573b6689b90c0550,f6a583a12f4224ef3a07a9a76f7ba1895d268f7aa8ca31b1c1caac595cd0a4e8
math_test_number_theory_273,4096,115,4096,4211,4096,historical,False,False,length,deepseek-flash,0.0,evidence/baseline_500.json#math_test_number_theory_273,6acc7335bbe6b731ef3e387d573b6689b90c0550,f6a583a12f4224ef3a07a9a76f7ba1895d268f7aa8ca31b1c1caac595cd0a4e8
math_test_prealgebra_100,4096,261,4096,4357,3971,historical,False,False,length,deepseek-flash,0.0,evidence/baseline_500.json#math_test_prealgebra_100,6acc7335bbe6b731ef3e387d573b6689b90c0550,f6a583a12f4224ef3a07a9a76f7ba1895d268f7aa8ca31b1c1caac595cd0a4e8
math_test_prealgebra_131,4096,174,4096,4270,4096,historical,False,False,length,deepseek-flash,0.0,evidence/baseline_500.json#math_test_prealgebra_131,6acc7335bbe6b731ef3e387d573b6689b90c0550,f6a583a12f4224ef3a07a9a76f7ba1895d268f7aa8ca31b1c1caac595cd0a4e8
math_test_prealgebra_573,4096,357,4096,4453,4096,historical,False,False,length,deepseek-flash,0.0,evidence/baseline_500.json#math_test_prealgebra_573,6acc7335bbe6b731ef3e387d573b6689b90c0550,f6a583a12f4224ef3a07a9a76f7ba1895d268f7aa8ca31b1c1caac595cd0a4e8
math_test_prealgebra_583,4096,212,4096,4308,4096,historical,False,False,length,deepseek-flash,0.0,evidence/baseline_500.json#math_test_prealgebra_583,6acc7335bbe6b731ef3e387d573b6689b90c0550,f6a583a12f4224ef3a07a9a76f7ba1895d268f7aa8ca31b1c1caac595cd0a4e8
math_test_prealgebra_743,4096,286,4096,4382,4096,historical,False,False,length,deepseek-flash,0.0,evidence/baseline_500.json#math_test_prealgebra_743,6acc7335bbe6b731ef3e387d573b6689b90c0550,f6a583a12f4224ef3a07a9a76f7ba1895d268f7aa8ca31b1c1caac595cd0a4e8
math_test_prealgebra_796,4096,462,4096,4558,4096,historical,False,False,length,deepseek-flash,0.0,evidence/baseline_500.json#math_test_prealgebra_796,6acc7335bbe6b731ef3e387d573b6689b90c0550,f6a583a12f4224ef3a07a9a76f7ba1895d268f7aa8ca31b1c1caac595cd0a4e8
math_test_precalculus_219,4096,137,4096,4233,4096,historical,False,False,length,deepseek-flash,0.0,evidence/baseline_500.json#math_test_precalculus_219,6acc7335bbe6b731ef3e387d573b6689b90c0550,f6a583a12f4224ef3a07a9a76f7ba1895d268f7aa8ca31b1c1caac595cd0a4e8
math_test_counting_probability_101,8192,218,5469,5687,5322,new,True,True,stop,deepseek-flash,0.0,raw/math_test_counting_probability_101_8192.json,6acc7335bbe6b731ef3e387d573b6689b90c0550,f6a583a12f4224ef3a07a9a76f7ba1895d268f7aa8ca31b1c1caac595cd0a4e8
math_test_counting_probability_40,8192,95,7690,7785,7487,new,True,True,stop,deepseek-flash,0.0,raw/math_test_counting_probability_40_8192.json,6acc7335bbe6b731ef3e387d573b6689b90c0550,f6a583a12f4224ef3a07a9a76f7ba1895d268f7aa8ca31b1c1caac595cd0a4e8
math_test_geometry_214,8192,504,8192,8696,7830,new,True,False,length,deepseek-flash,0.0,raw/math_test_geometry_214_8192.json,6acc7335bbe6b731ef3e387d573b6689b90c0550,f6a583a12f4224ef3a07a9a76f7ba1895d268f7aa8ca31b1c1caac595cd0a4e8
math_test_geometry_243,8192,275,4203,4478,3912,new,True,True,stop,deepseek-flash,0.0,raw/math_test_geometry_243_8192.json,6acc7335bbe6b731ef3e387d573b6689b90c0550,f6a583a12f4224ef3a07a9a76f7ba1895d268f7aa8ca31b1c1caac595cd0a4e8
math_test_geometry_453,8192,255,1910,2165,1785,new,True,True,stop,deepseek-flash,0.0,raw/math_test_geometry_453_8192.json,6acc7335bbe6b731ef3e387d573b6689b90c0550,f6a583a12f4224ef3a07a9a76f7ba1895d268f7aa8ca31b1c1caac595cd0a4e8
math_test_geometry_66,8192,103,8192,8295,8192,new,True,False,length,deepseek-flash,0.0,raw/math_test_geometry_66_8192.json,6acc7335bbe6b731ef3e387d573b6689b90c0550,f6a583a12f4224ef3a07a9a76f7ba1895d268f7aa8ca31b1c1caac595cd0a4e8
math_test_geometry_98,8192,333,6043,6376,5822,new,True,True,stop,deepseek-flash,0.0,raw/math_test_geometry_98_8192.json,6acc7335bbe6b731ef3e387d573b6689b90c0550,f6a583a12f4224ef3a07a9a76f7ba1895d268f7aa8ca31b1c1caac595cd0a4e8
math_test_intermediate_algebra_165,8192,126,8192,8318,8192,new,True,False,length,deepseek-flash,0.0,raw/math_test_intermediate_algebra_165_8192.json,6acc7335bbe6b731ef3e387d573b6689b90c0550,f6a583a12f4224ef3a07a9a76f7ba1895d268f7aa8ca31b1c1caac595cd0a4e8
math_test_intermediate_algebra_237,8192,169,8192,8361,8192,new,True,False,length,deepseek-flash,0.0,raw/math_test_intermediate_algebra_237_8192.json,6acc7335bbe6b731ef3e387d573b6689b90c0550,f6a583a12f4224ef3a07a9a76f7ba1895d268f7aa8ca31b1c1caac595cd0a4e8
math_test_intermediate_algebra_253,8192,95,8192,8287,8192,new,True,False,length,deepseek-flash,0.0,raw/math_test_intermediate_algebra_253_8192.json,6acc7335bbe6b731ef3e387d573b6689b90c0550,f6a583a12f4224ef3a07a9a76f7ba1895d268f7aa8ca31b1c1caac595cd0a4e8
math_test_intermediate_algebra_257,8192,105,5824,5929,5289,new,True,True,stop,deepseek-flash,0.0,raw/math_test_intermediate_algebra_257_8192.json,6acc7335bbe6b731ef3e387d573b6689b90c0550,f6a583a12f4224ef3a07a9a76f7ba1895d268f7aa8ca31b1c1caac595cd0a4e8
math_test_intermediate_algebra_294,8192,111,3556,3667,3060,new,True,True,stop,deepseek-flash,0.0,raw/math_test_intermediate_algebra_294_8192.json,6acc7335bbe6b731ef3e387d573b6689b90c0550,f6a583a12f4224ef3a07a9a76f7ba1895d268f7aa8ca31b1c1caac595cd0a4e8
math_test_intermediate_algebra_364,8192,109,8192,8301,8192,new,True,False,length,deepseek-flash,0.0,raw/math_test_intermediate_algebra_364_8192.json,6acc7335bbe6b731ef3e387d573b6689b90c0550,f6a583a12f4224ef3a07a9a76f7ba1895d268f7aa8ca31b1c1caac595cd0a4e8
math_test_intermediate_algebra_392,8192,127,6673,6800,6143,new,True,True,stop,deepseek-flash,0.0,raw/math_test_intermediate_algebra_392_8192.json,6acc7335bbe6b731ef3e387d573b6689b90c0550,f6a583a12f4224ef3a07a9a76f7ba1895d268f7aa8ca31b1c1caac595cd0a4e8
math_test_intermediate_algebra_408,8192,108,7746,7854,7279,new,True,True,stop,deepseek-flash,0.0,raw/math_test_intermediate_algebra_408_8192.json,6acc7335bbe6b731ef3e387d573b6689b90c0550,f6a583a12f4224ef3a07a9a76f7ba1895d268f7aa8ca31b1c1caac595cd0a4e8
math_test_intermediate_algebra_557,8192,137,8192,8329,8192,new,True,False,length,deepseek-flash,0.0,raw/math_test_intermediate_algebra_557_8192.json,6acc7335bbe6b731ef3e387d573b6689b90c0550,f6a583a12f4224ef3a07a9a76f7ba1895d268f7aa8ca31b1c1caac595cd0a4e8
math_test_intermediate_algebra_593,8192,94,5425,5519,5032,new,True,True,stop,deepseek-flash,0.0,raw/math_test_intermediate_algebra_593_8192.json,6acc7335bbe6b731ef3e387d573b6689b90c0550,f6a583a12f4224ef3a07a9a76f7ba1895d268f7aa8ca31b1c1caac595cd0a4e8
math_test_intermediate_algebra_6,8192,297,2255,2552,1808,new,True,True,stop,deepseek-flash,0.0,raw/math_test_intermediate_algebra_6_8192.json,6acc7335bbe6b731ef3e387d573b6689b90c0550,f6a583a12f4224ef3a07a9a76f7ba1895d268f7aa8ca31b1c1caac595cd0a4e8
math_test_intermediate_algebra_763,8192,110,4650,4760,4221,new,True,True,stop,deepseek-flash,0.0,raw/math_test_intermediate_algebra_763_8192.json,6acc7335bbe6b731ef3e387d573b6689b90c0550,f6a583a12f4224ef3a07a9a76f7ba1895d268f7aa8ca31b1c1caac595cd0a4e8
math_test_number_theory_273,8192,115,8192,8307,8192,new,True,False,length,deepseek-flash,0.0,raw/math_test_number_theory_273_8192.json,6acc7335bbe6b731ef3e387d573b6689b90c0550,f6a583a12f4224ef3a07a9a76f7ba1895d268f7aa8ca31b1c1caac595cd0a4e8
math_test_prealgebra_100,8192,261,3993,4254,3740,new,True,True,stop,deepseek-flash,0.0,raw/math_test_prealgebra_100_8192.json,6acc7335bbe6b731ef3e387d573b6689b90c0550,f6a583a12f4224ef3a07a9a76f7ba1895d268f7aa8ca31b1c1caac595cd0a4e8
math_test_prealgebra_131,8192,174,8192,8366,8192,new,True,False,length,deepseek-flash,0.0,raw/math_test_prealgebra_131_8192.json,6acc7335bbe6b731ef3e387d573b6689b90c0550,f6a583a12f4224ef3a07a9a76f7ba1895d268f7aa8ca31b1c1caac595cd0a4e8
math_test_prealgebra_573,8192,357,3277,3634,3122,new,True,True,stop,deepseek-flash,0.0,raw/math_test_prealgebra_573_8192.json,6acc7335bbe6b731ef3e387d573b6689b90c0550,f6a583a12f4224ef3a07a9a76f7ba1895d268f7aa8ca31b1c1caac595cd0a4e8
math_test_prealgebra_583,8192,212,8192,8404,8192,new,True,False,length,deepseek-flash,0.0,raw/math_test_prealgebra_583_8192.json,6acc7335bbe6b731ef3e387d573b6689b90c0550,f6a583a12f4224ef3a07a9a76f7ba1895d268f7aa8ca31b1c1caac595cd0a4e8
math_test_prealgebra_743,8192,286,7967,8253,7859,new,True,True,stop,deepseek-flash,0.0,raw/math_test_prealgebra_743_8192.json,6acc7335bbe6b731ef3e387d573b6689b90c0550,f6a583a12f4224ef3a07a9a76f7ba1895d268f7aa8ca31b1c1caac595cd0a4e8
math_test_prealgebra_796,8192,462,3491,3953,3258,new,True,True,stop,deepseek-flash,0.0,raw/math_test_prealgebra_796_8192.json,6acc7335bbe6b731ef3e387d573b6689b90c0550,f6a583a12f4224ef3a07a9a76f7ba1895d268f7aa8ca31b1c1caac595cd0a4e8
math_test_precalculus_219,8192,137,4706,4843,4316,new,True,True,stop,deepseek-flash,0.0,raw/math_test_precalculus_219_8192.json,6acc7335bbe6b731ef3e387d573b6689b90c0550,f6a583a12f4224ef3a07a9a76f7ba1895d268f7aa8ca31b1c1caac595cd0a4e8
math_test_geometry_214,16384,504,12645,13149,12229,new,True,True,stop,deepseek-flash,0.0,raw/math_test_geometry_214_16384.json,6acc7335bbe6b731ef3e387d573b6689b90c0550,f6a583a12f4224ef3a07a9a76f7ba1895d268f7aa8ca31b1c1caac595cd0a4e8
math_test_geometry_66,16384,103,16384,16487,16384,new,True,False,length,deepseek-flash,0.0,raw/math_test_geometry_66_16384.json,6acc7335bbe6b731ef3e387d573b6689b90c0550,f6a583a12f4224ef3a07a9a76f7ba1895d268f7aa8ca31b1c1caac595cd0a4e8
math_test_intermediate_algebra_165,16384,126,7451,7577,7126,new,True,True,stop,deepseek-flash,0.0,raw/math_test_intermediate_algebra_165_16384.json,6acc7335bbe6b731ef3e387d573b6689b90c0550,f6a583a12f4224ef3a07a9a76f7ba1895d268f7aa8ca31b1c1caac595cd0a4e8
math_test_intermediate_algebra_237,16384,169,12597,12766,12241,new,True,True,stop,deepseek-flash,0.0,raw/math_test_intermediate_algebra_237_16384.json,6acc7335bbe6b731ef3e387d573b6689b90c0550,f6a583a12f4224ef3a07a9a76f7ba1895d268f7aa8ca31b1c1caac595cd0a4e8
math_test_intermediate_algebra_253,16384,95,16384,16479,16384,new,True,False,length,deepseek-flash,0.0,raw/math_test_intermediate_algebra_253_16384.json,6acc7335bbe6b731ef3e387d573b6689b90c0550,f6a583a12f4224ef3a07a9a76f7ba1895d268f7aa8ca31b1c1caac595cd0a4e8
math_test_intermediate_algebra_364,16384,109,8574,8683,8164,new,True,True,stop,deepseek-flash,0.0,raw/math_test_intermediate_algebra_364_16384.json,6acc7335bbe6b731ef3e387d573b6689b90c0550,f6a583a12f4224ef3a07a9a76f7ba1895d268f7aa8ca31b1c1caac595cd0a4e8
math_test_intermediate_algebra_557,16384,137,11301,11438,10953,new,True,True,stop,deepseek-flash,0.0,raw/math_test_intermediate_algebra_557_16384.json,6acc7335bbe6b731ef3e387d573b6689b90c0550,f6a583a12f4224ef3a07a9a76f7ba1895d268f7aa8ca31b1c1caac595cd0a4e8
math_test_number_theory_273,16384,115,8361,8476,7920,new,True,True,stop,deepseek-flash,0.0,raw/math_test_number_theory_273_16384.json,6acc7335bbe6b731ef3e387d573b6689b90c0550,f6a583a12f4224ef3a07a9a76f7ba1895d268f7aa8ca31b1c1caac595cd0a4e8
math_test_prealgebra_131,16384,174,7414,7588,7223,new,True,True,stop,deepseek-flash,0.0,raw/math_test_prealgebra_131_16384.json,6acc7335bbe6b731ef3e387d573b6689b90c0550,f6a583a12f4224ef3a07a9a76f7ba1895d268f7aa8ca31b1c1caac595cd0a4e8
math_test_prealgebra_583,16384,212,13369,13581,13130,new,True,True,stop,deepseek-flash,0.0,raw/math_test_prealgebra_583_16384.json,6acc7335bbe6b731ef3e387d573b6689b90c0550,f6a583a12f4224ef3a07a9a76f7ba1895d268f7aa8ca31b1c1caac595cd0a4e8
