task_id,subject,level,flowevo_correct,bot_correct,flowevo_tokens,bot_tokens,tokens_saved
math_test_algebra_1008,algebra,Level 1,True,True,790,519,271
math_test_algebra_1012,algebra,Level 2,True,True,647,393,254
math_test_algebra_1031,algebra,Level 3,True,True,491,247,244
math_test_algebra_1033,algebra,Level 4,True,True,644,366,278
math_test_algebra_1041,algebra,Level 4,True,True,641,407,234
math_test_algebra_1046,algebra,Level 3,True,True,1161,2203,-1042
math_test_algebra_1047,algebra,Level 4,True,True,2274,1769,505
math_test_algebra_1050,algebra,Level 2,True,True,390,207,183
math_test_algebra_1074,algebra,Level 5,True,True,889,872,17
math_test_algebra_1077,algebra,Level 5,True,True,967,528,439
math_test_algebra_1079,algebra,Level 1,True,True,302,159,143
math_test_algebra_1081,algebra,Level 4,True,True,873,529,344
math_test_algebra_1088,algebra,Level 5,True,True,556,334,222
math_test_algebra_1097,algebra,Level 3,True,True,817,493,324
math_test_algebra_1102,algebra,Level 4,True,True,781,399,382
math_test_algebra_1107,algebra,Level 4,True,True,703,316,387
math_test_algebra_1128,algebra,Level 4,True,True,772,447,325
math_test_algebra_1131,algebra,Level 2,True,True,544,242,302
math_test_algebra_1145,algebra,Level 4,True,True,842,548,294
math_test_algebra_1151,algebra,Level 3,True,True,448,217,231
math_test_algebra_1159,algebra,Level 3,True,True,480,283,197
math_test_algebra_1163,algebra,Level 4,True,True,610,417,193
math_test_algebra_1166,algebra,Level 2,True,True,642,350,292
math_test_algebra_1178,algebra,Level 4,True,True,539,497,42
math_test_algebra_521,algebra,Level 1,True,True,217,216,1
math_test_algebra_543,algebra,Level 3,True,True,516,211,305
math_test_algebra_553,algebra,Level 5,True,True,862,649,213
math_test_algebra_555,algebra,Level 2,True,True,503,238,265
math_test_algebra_569,algebra,Level 3,True,True,656,330,326
math_test_algebra_587,algebra,Level 2,True,True,459,236,223
math_test_algebra_595,algebra,Level 5,True,True,2949,2424,525
math_test_algebra_600,algebra,Level 5,True,True,1243,943,300
math_test_algebra_602,algebra,Level 2,True,True,648,346,302
math_test_algebra_605,algebra,Level 2,True,True,478,221,257
math_test_algebra_631,algebra,Level 5,True,True,1099,929,170
math_test_algebra_662,algebra,Level 5,True,True,1019,882,137
math_test_algebra_672,algebra,Level 2,True,True,741,400,341
math_test_algebra_673,algebra,Level 1,False,False,506,255,251
math_test_algebra_679,algebra,Level 4,True,True,415,453,-38
math_test_algebra_698,algebra,Level 2,True,True,794,523,271
math_test_algebra_701,algebra,Level 3,True,True,877,595,282
math_test_algebra_707,algebra,Level 5,True,True,727,394,333
math_test_algebra_708,algebra,Level 5,True,True,553,448,105
math_test_algebra_714,algebra,Level 5,True,True,896,614,282
math_test_algebra_721,algebra,Level 3,True,True,981,645,336
math_test_algebra_738,algebra,Level 1,True,True,427,319,108
math_test_algebra_739,algebra,Level 4,True,True,652,667,-15
math_test_algebra_740,algebra,Level 5,True,True,813,511,302
math_test_algebra_741,algebra,Level 3,True,True,508,266,242
math_test_algebra_757,algebra,Level 3,True,True,603,360,243
math_test_algebra_766,algebra,Level 3,True,True,618,415,203
math_test_algebra_768,algebra,Level 5,True,True,1051,684,367
math_test_algebra_770,algebra,Level 5,True,True,1002,846,156
math_test_algebra_779,algebra,Level 4,True,True,689,341,348
math_test_algebra_781,algebra,Level 3,False,True,949,585,364
math_test_algebra_793,algebra,Level 5,True,True,931,670,261
math_test_algebra_799,algebra,Level 2,True,True,597,370,227
math_test_algebra_836,algebra,Level 3,True,True,372,221,151
math_test_algebra_838,algebra,Level 1,True,True,207,193,14
math_test_algebra_847,algebra,Level 4,True,True,855,501,354
math_test_algebra_853,algebra,Level 5,True,True,771,651,120
math_test_algebra_879,algebra,Level 2,True,True,605,479,126
math_test_algebra_882,algebra,Level 5,True,True,932,793,139
math_test_algebra_884,algebra,Level 3,True,False,787,486,301
math_test_algebra_888,algebra,Level 5,True,True,665,403,262
math_test_algebra_894,algebra,Level 5,True,True,553,463,90
math_test_algebra_910,algebra,Level 4,True,True,460,415,45
math_test_algebra_925,algebra,Level 1,True,True,450,252,198
math_test_algebra_932,algebra,Level 3,True,True,766,416,350
math_test_algebra_933,algebra,Level 3,True,True,501,261,240
math_test_algebra_957,algebra,Level 4,True,True,609,334,275
math_test_algebra_960,algebra,Level 5,True,True,1172,913,259
math_test_algebra_963,algebra,Level 2,True,True,192,182,10
math_test_algebra_970,algebra,Level 5,True,True,937,817,120
math_test_algebra_982,algebra,Level 4,True,True,407,214,193
math_test_algebra_988,algebra,Level 2,True,True,572,223,349
math_test_algebra_991,algebra,Level 4,True,True,623,334,289
math_test_algebra_994,algebra,Level 1,True,True,284,275,9
math_test_counting_probability_100,counting_probability,Level 2,True,True,421,222,199
math_test_counting_probability_101,counting_probability,Level 3,False,False,4530,4314,216
math_test_counting_probability_103,counting_probability,Level 2,True,True,4087,4158,-71
math_test_counting_probability_114,counting_probability,Level 2,True,True,475,261,214
math_test_counting_probability_130,counting_probability,Level 4,True,True,1095,722,373
math_test_counting_probability_136,counting_probability,Level 3,True,True,582,338,244
math_test_counting_probability_154,counting_probability,Level 4,True,True,3669,4003,-334
math_test_counting_probability_16,counting_probability,Level 5,True,True,1362,1227,135
math_test_counting_probability_186,counting_probability,Level 1,True,True,191,217,-26
math_test_counting_probability_193,counting_probability,Level 2,True,True,364,230,134
math_test_counting_probability_196,counting_probability,Level 5,True,True,2829,3392,-563
math_test_counting_probability_198,counting_probability,Level 2,True,True,667,294,373
math_test_counting_probability_199,counting_probability,Level 5,True,True,1018,685,333
math_test_counting_probability_201,counting_probability,Level 3,True,True,659,407,252
math_test_counting_probability_215,counting_probability,Level 4,True,True,2799,896,1903
math_test_counting_probability_230,counting_probability,Level 4,True,True,752,525,227
math_test_counting_probability_236,counting_probability,Level 3,True,True,1563,2538,-975
math_test_counting_probability_252,counting_probability,Level 4,True,True,676,459,217
math_test_counting_probability_257,counting_probability,Level 5,True,True,1913,919,994
math_test_counting_probability_270,counting_probability,Level 5,True,True,711,564,147
math_test_counting_probability_282,counting_probability,Level 4,True,True,1332,860,472
math_test_counting_probability_288,counting_probability,Level 2,True,True,563,343,220
math_test_counting_probability_29,counting_probability,Level 5,True,True,731,450,281
math_test_counting_probability_298,counting_probability,Level 4,True,True,793,601,192
math_test_counting_probability_305,counting_probability,Level 2,True,True,555,273,282
math_test_counting_probability_312,counting_probability,Level 2,True,True,596,731,-135
math_test_counting_probability_341,counting_probability,Level 1,True,True,549,306,243
math_test_counting_probability_35,counting_probability,Level 3,True,True,790,390,400
math_test_counting_probability_350,counting_probability,Level 3,True,True,606,584,22
math_test_counting_probability_359,counting_probability,Level 4,True,True,785,523,262
math_test_counting_probability_361,counting_probability,Level 5,True,True,1036,921,115
math_test_counting_probability_367,counting_probability,Level 3,True,True,642,412,230
math_test_counting_probability_37,counting_probability,Level 4,True,True,1317,802,515
math_test_counting_probability_381,counting_probability,Level 5,True,True,1552,1141,411
math_test_counting_probability_40,counting_probability,Level 4,False,False,4429,4191,238
math_test_counting_probability_402,counting_probability,Level 3,True,True,1660,1200,460
math_test_counting_probability_410,counting_probability,Level 5,True,True,1189,892,297
math_test_counting_probability_411,counting_probability,Level 5,False,False,2204,1805,399
math_test_counting_probability_418,counting_probability,Level 5,True,True,1255,875,380
math_test_counting_probability_419,counting_probability,Level 3,True,True,1580,3161,-1581
math_test_counting_probability_433,counting_probability,Level 3,True,True,616,452,164
math_test_counting_probability_458,counting_probability,Level 4,True,True,706,532,174
math_test_counting_probability_459,counting_probability,Level 5,False,True,4477,4175,302
math_test_counting_probability_46,counting_probability,Level 5,True,True,741,446,295
math_test_counting_probability_465,counting_probability,Level 4,True,True,630,363,267
math_test_counting_probability_52,counting_probability,Level 2,True,True,379,354,25
math_test_counting_probability_56,counting_probability,Level 4,True,True,582,337,245
math_test_counting_probability_68,counting_probability,Level 2,True,True,560,288,272
math_test_counting_probability_86,counting_probability,Level 1,True,True,498,267,231
math_test_counting_probability_91,counting_probability,Level 3,True,True,557,355,202
math_test_counting_probability_95,counting_probability,Level 1,True,True,456,250,206
math_test_counting_probability_98,counting_probability,Level 5,True,True,1654,1025,629
math_test_geometry_10,geometry,Level 5,True,True,1909,1328,581
math_test_geometry_105,geometry,Level 5,False,True,4679,4182,497
math_test_geometry_107,geometry,Level 5,True,True,2128,2161,-33
math_test_geometry_127,geometry,Level 3,True,True,600,384,216
math_test_geometry_129,geometry,Level 1,True,True,1148,903,245
math_test_geometry_147,geometry,Level 3,True,True,753,677,76
math_test_geometry_148,geometry,Level 3,True,True,1283,1209,74
math_test_geometry_152,geometry,Level 2,True,True,713,451,262
math_test_geometry_154,geometry,Level 1,True,True,621,305,316
math_test_geometry_161,geometry,Level 2,True,True,613,324,289
math_test_geometry_165,geometry,Level 4,True,False,830,1167,-337
math_test_geometry_172,geometry,Level 4,True,True,2031,1359,672
math_test_geometry_18,geometry,Level 2,True,True,1689,1133,556
math_test_geometry_181,geometry,Level 3,True,True,582,350,232
math_test_geometry_183,geometry,Level 5,True,True,1897,1520,377
math_test_geometry_199,geometry,Level 5,True,True,1304,1128,176
math_test_geometry_213,geometry,Level 4,True,True,941,494,447
math_test_geometry_214,geometry,Level 5,False,False,4900,4600,300
math_test_geometry_223,geometry,Level 4,True,True,1037,952,85
math_test_geometry_227,geometry,Level 5,True,True,2821,4075,-1254
math_test_geometry_239,geometry,Level 1,True,True,1178,656,522
math_test_geometry_240,geometry,Level 4,True,True,527,297,230
math_test_geometry_243,geometry,Level 4,True,False,4278,4371,-93
math_test_geometry_245,geometry,Level 4,True,True,698,533,165
math_test_geometry_251,geometry,Level 3,True,True,740,627,113
math_test_geometry_253,geometry,Level 4,True,True,2447,2298,149
math_test_geometry_258,geometry,Level 5,True,True,1041,821,220
math_test_geometry_268,geometry,Level 2,True,True,1258,1090,168
math_test_geometry_278,geometry,Level 2,True,True,472,311,161
math_test_geometry_285,geometry,Level 3,True,True,542,480,62
math_test_geometry_31,geometry,Level 4,True,True,977,626,351
math_test_geometry_33,geometry,Level 4,True,True,758,474,284
math_test_geometry_340,geometry,Level 5,True,True,3845,3636,209
math_test_geometry_35,geometry,Level 4,True,True,2248,1212,1036
math_test_geometry_350,geometry,Level 2,True,True,468,380,88
math_test_geometry_351,geometry,Level 2,True,True,2158,1239,919
math_test_geometry_367,geometry,Level 3,True,True,647,302,345
math_test_geometry_381,geometry,Level 4,True,True,1563,1468,95
math_test_geometry_397,geometry,Level 5,True,True,3297,2682,615
math_test_geometry_399,geometry,Level 5,True,True,1042,876,166
math_test_geometry_43,geometry,Level 2,True,True,656,532,124
math_test_geometry_430,geometry,Level 3,True,True,281,228,53
math_test_geometry_434,geometry,Level 3,True,True,1230,1401,-171
math_test_geometry_453,geometry,Level 4,True,False,2821,4351,-1530
math_test_geometry_463,geometry,Level 4,True,True,1504,1485,19
math_test_geometry_48,geometry,Level 2,False,False,1933,971,962
math_test_geometry_61,geometry,Level 3,True,True,2967,2346,621
math_test_geometry_66,geometry,Level 5,False,False,4476,4199,277
math_test_geometry_73,geometry,Level 3,True,True,551,354,197
math_test_geometry_8,geometry,Level 5,True,True,2357,1938,419
math_test_geometry_80,geometry,Level 1,True,True,3219,2879,340
math_test_geometry_83,geometry,Level 5,True,True,1448,1369,79
math_test_geometry_98,geometry,Level 5,False,False,4675,4429,246
math_test_intermediate_algebra_105,intermediate_algebra,Level 1,True,True,470,229,241
math_test_intermediate_algebra_106,intermediate_algebra,Level 3,True,True,735,494,241
math_test_intermediate_algebra_107,intermediate_algebra,Level 4,True,True,520,233,287
math_test_intermediate_algebra_110,intermediate_algebra,Level 4,True,True,1727,1386,341
math_test_intermediate_algebra_125,intermediate_algebra,Level 4,True,True,1142,747,395
math_test_intermediate_algebra_130,intermediate_algebra,Level 5,True,True,3454,2264,1190
math_test_intermediate_algebra_162,intermediate_algebra,Level 3,True,True,821,485,336
math_test_intermediate_algebra_165,intermediate_algebra,Level 5,False,False,4468,4222,246
math_test_intermediate_algebra_178,intermediate_algebra,Level 4,True,True,1431,1105,326
math_test_intermediate_algebra_179,intermediate_algebra,Level 5,True,True,1668,1366,302
math_test_intermediate_algebra_189,intermediate_algebra,Level 4,True,True,992,531,461
math_test_intermediate_algebra_192,intermediate_algebra,Level 2,True,True,1793,1216,577
math_test_intermediate_algebra_201,intermediate_algebra,Level 4,True,True,730,443,287
math_test_intermediate_algebra_202,intermediate_algebra,Level 5,True,True,1883,1267,616
math_test_intermediate_algebra_215,intermediate_algebra,Level 3,True,True,677,369,308
math_test_intermediate_algebra_231,intermediate_algebra,Level 1,True,True,462,203,259
math_test_intermediate_algebra_237,intermediate_algebra,Level 5,False,False,4565,4265,300
math_test_intermediate_algebra_242,intermediate_algebra,Level 5,True,True,2181,4061,-1880
math_test_intermediate_algebra_249,intermediate_algebra,Level 3,True,True,972,526,446
math_test_intermediate_algebra_253,intermediate_algebra,Level 4,False,False,4486,4191,295
math_test_intermediate_algebra_257,intermediate_algebra,Level 5,False,False,4559,4201,358
math_test_intermediate_algebra_268,intermediate_algebra,Level 5,True,True,2157,3864,-1707
math_test_intermediate_algebra_275,intermediate_algebra,Level 3,True,True,851,555,296
math_test_intermediate_algebra_282,intermediate_algebra,Level 2,True,True,976,480,496
math_test_intermediate_algebra_290,intermediate_algebra,Level 2,True,True,1329,748,581
math_test_intermediate_algebra_294,intermediate_algebra,Level 5,False,False,4540,4207,333
math_test_intermediate_algebra_300,intermediate_algebra,Level 5,True,True,3424,3579,-155
math_test_intermediate_algebra_303,intermediate_algebra,Level 5,True,True,1723,1138,585
math_test_intermediate_algebra_309,intermediate_algebra,Level 4,True,True,923,645,278
math_test_intermediate_algebra_316,intermediate_algebra,Level 4,True,True,1205,947,258
math_test_intermediate_algebra_320,intermediate_algebra,Level 3,True,True,1569,1078,491
math_test_intermediate_algebra_322,intermediate_algebra,Level 4,True,True,1001,859,142
math_test_intermediate_algebra_336,intermediate_algebra,Level 2,True,True,1305,1009,296
math_test_intermediate_algebra_337,intermediate_algebra,Level 4,True,True,806,490,316
math_test_intermediate_algebra_345,intermediate_algebra,Level 1,True,True,268,270,-2
math_test_intermediate_algebra_363,intermediate_algebra,Level 2,True,True,1045,738,307
math_test_intermediate_algebra_364,intermediate_algebra,Level 5,False,False,4540,4205,335
math_test_intermediate_algebra_370,intermediate_algebra,Level 4,True,True,2001,1245,756
math_test_intermediate_algebra_374,intermediate_algebra,Level 4,True,True,1602,3801,-2199
math_test_intermediate_algebra_392,intermediate_algebra,Level 4,False,False,4418,4223,195
math_test_intermediate_algebra_403,intermediate_algebra,Level 4,True,True,1189,994,195
math_test_intermediate_algebra_406,intermediate_algebra,Level 5,True,True,2838,2761,77
math_test_intermediate_algebra_408,intermediate_algebra,Level 5,False,False,4497,4204,293
math_test_intermediate_algebra_41,intermediate_algebra,Level 4,True,True,978,493,485
math_test_intermediate_algebra_42,intermediate_algebra,Level 3,True,True,1387,827,560
math_test_intermediate_algebra_429,intermediate_algebra,Level 3,True,True,919,547,372
math_test_intermediate_algebra_442,intermediate_algebra,Level 5,True,True,1296,992,304
math_test_intermediate_algebra_464,intermediate_algebra,Level 2,True,True,464,472,-8
math_test_intermediate_algebra_474,intermediate_algebra,Level 5,True,True,1301,700,601
math_test_intermediate_algebra_476,intermediate_algebra,Level 2,True,True,908,426,482
math_test_intermediate_algebra_509,intermediate_algebra,Level 3,True,True,737,375,362
math_test_intermediate_algebra_51,intermediate_algebra,Level 5,False,True,4568,1131,3437
math_test_intermediate_algebra_514,intermediate_algebra,Level 1,True,True,249,286,-37
math_test_intermediate_algebra_521,intermediate_algebra,Level 2,True,True,1232,1350,-118
math_test_intermediate_algebra_529,intermediate_algebra,Level 5,True,True,759,658,101
math_test_intermediate_algebra_53,intermediate_algebra,Level 3,True,True,900,757,143
math_test_intermediate_algebra_540,intermediate_algebra,Level 5,True,True,1775,1920,-145
math_test_intermediate_algebra_544,intermediate_algebra,Level 5,True,True,1552,1270,282
math_test_intermediate_algebra_557,intermediate_algebra,Level 4,False,False,4428,4233,195
math_test_intermediate_algebra_559,intermediate_algebra,Level 3,True,True,1138,1013,125
math_test_intermediate_algebra_568,intermediate_algebra,Level 4,True,True,973,643,330
math_test_intermediate_algebra_579,intermediate_algebra,Level 1,True,True,359,210,149
math_test_intermediate_algebra_593,intermediate_algebra,Level 4,True,False,3277,4190,-913
math_test_intermediate_algebra_6,intermediate_algebra,Level 5,False,False,4393,4393,0
math_test_intermediate_algebra_604,intermediate_algebra,Level 4,True,True,1010,958,52
math_test_intermediate_algebra_607,intermediate_algebra,Level 4,True,True,2059,3859,-1800
math_test_intermediate_algebra_623,intermediate_algebra,Level 5,True,True,2411,1541,870
math_test_intermediate_algebra_628,intermediate_algebra,Level 3,True,True,1996,2065,-69
math_test_intermediate_algebra_636,intermediate_algebra,Level 3,True,True,1222,768,454
math_test_intermediate_algebra_642,intermediate_algebra,Level 2,True,True,306,288,18
math_test_intermediate_algebra_647,intermediate_algebra,Level 3,True,True,715,432,283
math_test_intermediate_algebra_656,intermediate_algebra,Level 3,True,True,2396,2502,-106
math_test_intermediate_algebra_669,intermediate_algebra,Level 5,True,True,2356,2415,-59
math_test_intermediate_algebra_672,intermediate_algebra,Level 5,True,True,1729,1690,39
math_test_intermediate_algebra_681,intermediate_algebra,Level 4,True,True,822,565,257
math_test_intermediate_algebra_69,intermediate_algebra,Level 5,True,True,891,632,259
math_test_intermediate_algebra_691,intermediate_algebra,Level 3,True,True,1457,2357,-900
math_test_intermediate_algebra_705,intermediate_algebra,Level 3,True,True,468,473,-5
math_test_intermediate_algebra_725,intermediate_algebra,Level 2,True,True,968,746,222
math_test_intermediate_algebra_747,intermediate_algebra,Level 5,True,True,1914,896,1018
math_test_intermediate_algebra_748,intermediate_algebra,Level 4,True,True,1651,1012,639
math_test_intermediate_algebra_757,intermediate_algebra,Level 5,True,True,1563,1390,173
math_test_intermediate_algebra_759,intermediate_algebra,Level 3,True,True,754,424,330
math_test_intermediate_algebra_763,intermediate_algebra,Level 5,False,False,4512,4206,306
math_test_intermediate_algebra_764,intermediate_algebra,Level 5,True,True,758,468,290
math_test_intermediate_algebra_765,intermediate_algebra,Level 1,True,True,533,233,300
math_test_intermediate_algebra_790,intermediate_algebra,Level 3,True,True,763,505,258
math_test_intermediate_algebra_791,intermediate_algebra,Level 2,True,True,221,236,-15
math_test_intermediate_algebra_794,intermediate_algebra,Level 4,True,True,1226,999,227
math_test_intermediate_algebra_796,intermediate_algebra,Level 2,False,False,553,258,295
math_test_intermediate_algebra_799,intermediate_algebra,Level 4,True,True,2267,760,1507
math_test_intermediate_algebra_809,intermediate_algebra,Level 4,True,True,845,536,309
math_test_intermediate_algebra_810,intermediate_algebra,Level 4,True,True,1397,1008,389
math_test_intermediate_algebra_82,intermediate_algebra,Level 5,True,True,2415,2561,-146
math_test_intermediate_algebra_827,intermediate_algebra,Level 5,False,True,4474,3823,651
math_test_intermediate_algebra_829,intermediate_algebra,Level 4,True,True,1667,1062,605
math_test_intermediate_algebra_847,intermediate_algebra,Level 3,True,True,1027,1003,24
math_test_intermediate_algebra_854,intermediate_algebra,Level 4,True,True,1683,1319,364
math_test_intermediate_algebra_866,intermediate_algebra,Level 2,True,True,1259,734,525
math_test_intermediate_algebra_873,intermediate_algebra,Level 3,True,True,3872,1408,2464
math_test_intermediate_algebra_877,intermediate_algebra,Level 3,False,True,1174,916,258
math_test_intermediate_algebra_884,intermediate_algebra,Level 5,True,True,4096,2676,1420
math_test_intermediate_algebra_885,intermediate_algebra,Level 2,True,True,496,227,269
math_test_number_theory_112,number_theory,Level 4,True,True,763,312,451
math_test_number_theory_116,number_theory,Level 4,True,True,622,463,159
math_test_number_theory_117,number_theory,Level 4,True,True,1938,1914,24
math_test_number_theory_122,number_theory,Level 4,True,True,390,576,-186
math_test_number_theory_132,number_theory,Level 4,True,True,548,320,228
math_test_number_theory_140,number_theory,Level 5,True,True,3784,4155,-371
math_test_number_theory_147,number_theory,Level 1,True,True,651,283,368
math_test_number_theory_151,number_theory,Level 4,True,True,978,1695,-717
math_test_number_theory_164,number_theory,Level 2,True,True,672,437,235
math_test_number_theory_167,number_theory,Level 3,True,True,1967,906,1061
math_test_number_theory_179,number_theory,Level 3,True,True,1090,1066,24
math_test_number_theory_18,number_theory,Level 5,True,True,2604,2051,553
math_test_number_theory_19,number_theory,Level 5,True,True,1500,1023,477
math_test_number_theory_192,number_theory,Level 5,True,True,602,390,212
math_test_number_theory_2,number_theory,Level 2,True,True,747,355,392
math_test_number_theory_223,number_theory,Level 2,True,True,529,272,257
math_test_number_theory_227,number_theory,Level 4,True,True,629,360,269
math_test_number_theory_234,number_theory,Level 4,True,True,1731,1186,545
math_test_number_theory_237,number_theory,Level 3,True,True,797,450,347
math_test_number_theory_25,number_theory,Level 3,True,True,892,804,88
math_test_number_theory_251,number_theory,Level 3,True,True,691,546,145
math_test_number_theory_263,number_theory,Level 3,True,True,543,372,171
math_test_number_theory_268,number_theory,Level 3,True,True,254,243,11
math_test_number_theory_273,number_theory,Level 5,False,False,4450,4211,239
math_test_number_theory_275,number_theory,Level 4,True,True,698,474,224
math_test_number_theory_314,number_theory,Level 5,True,True,871,727,144
math_test_number_theory_32,number_theory,Level 5,True,True,772,548,224
math_test_number_theory_324,number_theory,Level 2,True,True,485,252,233
math_test_number_theory_332,number_theory,Level 4,True,True,902,629,273
math_test_number_theory_339,number_theory,Level 5,True,True,1275,801,474
math_test_number_theory_340,number_theory,Level 1,True,True,840,487,353
math_test_number_theory_348,number_theory,Level 3,True,True,596,354,242
math_test_number_theory_354,number_theory,Level 2,True,True,433,287,146
math_test_number_theory_378,number_theory,Level 4,True,True,776,362,414
math_test_number_theory_391,number_theory,Level 5,True,True,638,405,233
math_test_number_theory_396,number_theory,Level 4,True,True,1890,1267,623
math_test_number_theory_399,number_theory,Level 5,True,True,955,873,82
math_test_number_theory_400,number_theory,Level 4,True,True,968,815,153
math_test_number_theory_429,number_theory,Level 2,True,True,632,617,15
math_test_number_theory_444,number_theory,Level 3,True,True,847,705,142
math_test_number_theory_446,number_theory,Level 3,True,True,901,407,494
math_test_number_theory_46,number_theory,Level 5,True,True,1414,984,430
math_test_number_theory_463,number_theory,Level 2,True,True,550,290,260
math_test_number_theory_464,number_theory,Level 5,True,True,1250,967,283
math_test_number_theory_474,number_theory,Level 2,True,True,787,468,319
math_test_number_theory_480,number_theory,Level 4,True,True,1319,1025,294
math_test_number_theory_506,number_theory,Level 2,True,True,847,706,141
math_test_number_theory_512,number_theory,Level 5,True,True,907,611,296
math_test_number_theory_519,number_theory,Level 3,True,True,477,279,198
math_test_number_theory_533,number_theory,Level 3,True,True,972,536,436
math_test_number_theory_535,number_theory,Level 2,True,True,620,464,156
math_test_number_theory_536,number_theory,Level 5,True,True,890,804,86
math_test_number_theory_538,number_theory,Level 4,True,True,712,367,345
math_test_number_theory_57,number_theory,Level 5,True,True,702,643,59
math_test_number_theory_61,number_theory,Level 5,True,True,1319,1043,276
math_test_number_theory_74,number_theory,Level 3,True,True,2018,1828,190
math_test_number_theory_8,number_theory,Level 1,True,True,391,210,181
math_test_number_theory_82,number_theory,Level 4,True,True,740,660,80
math_test_number_theory_84,number_theory,Level 5,True,True,2029,1837,192
math_test_prealgebra_100,prealgebra,Level 5,False,False,4607,4357,250
math_test_prealgebra_106,prealgebra,Level 4,True,True,219,201,18
math_test_prealgebra_111,prealgebra,Level 2,True,True,525,226,299
math_test_prealgebra_112,prealgebra,Level 4,True,True,2314,3404,-1090
math_test_prealgebra_115,prealgebra,Level 5,True,True,705,540,165
math_test_prealgebra_131,prealgebra,Level 5,False,False,4384,4270,114
math_test_prealgebra_152,prealgebra,Level 4,True,True,578,350,228
math_test_prealgebra_176,prealgebra,Level 3,True,True,467,272,195
math_test_prealgebra_197,prealgebra,Level 5,True,True,736,396,340
math_test_prealgebra_199,prealgebra,Level 3,True,True,246,203,43
math_test_prealgebra_200,prealgebra,Level 3,True,True,515,295,220
math_test_prealgebra_232,prealgebra,Level 5,True,True,1698,2679,-981
math_test_prealgebra_242,prealgebra,Level 3,True,True,523,294,229
math_test_prealgebra_244,prealgebra,Level 2,True,True,162,157,5
math_test_prealgebra_249,prealgebra,Level 3,True,True,436,215,221
math_test_prealgebra_251,prealgebra,Level 5,True,True,1531,1290,241
math_test_prealgebra_267,prealgebra,Level 3,True,True,589,372,217
math_test_prealgebra_277,prealgebra,Level 2,True,True,455,271,184
math_test_prealgebra_279,prealgebra,Level 3,True,True,1168,559,609
math_test_prealgebra_29,prealgebra,Level 5,True,True,629,436,193
math_test_prealgebra_299,prealgebra,Level 2,True,True,196,215,-19
math_test_prealgebra_321,prealgebra,Level 5,True,True,664,420,244
math_test_prealgebra_334,prealgebra,Level 3,True,False,373,207,166
math_test_prealgebra_339,prealgebra,Level 4,True,True,769,295,474
math_test_prealgebra_358,prealgebra,Level 2,True,True,287,332,-45
math_test_prealgebra_359,prealgebra,Level 5,True,True,652,402,250
math_test_prealgebra_36,prealgebra,Level 2,True,True,151,141,10
math_test_prealgebra_364,prealgebra,Level 3,True,True,724,496,228
math_test_prealgebra_386,prealgebra,Level 4,True,True,1713,971,742
math_test_prealgebra_414,prealgebra,Level 2,True,True,404,229,175
math_test_prealgebra_425,prealgebra,Level 2,True,True,858,355,503
math_test_prealgebra_434,prealgebra,Level 1,True,True,191,205,-14
math_test_prealgebra_435,prealgebra,Level 2,True,False,524,192,332
math_test_prealgebra_440,prealgebra,Level 2,True,True,435,298,137
math_test_prealgebra_446,prealgebra,Level 5,True,True,700,343,357
math_test_prealgebra_457,prealgebra,Level 5,True,True,1447,1253,194
math_test_prealgebra_468,prealgebra,Level 4,True,True,743,458,285
math_test_prealgebra_471,prealgebra,Level 3,True,True,663,366,297
math_test_prealgebra_480,prealgebra,Level 5,True,True,659,434,225
math_test_prealgebra_481,prealgebra,Level 4,True,True,957,953,4
math_test_prealgebra_482,prealgebra,Level 1,True,True,172,177,-5
math_test_prealgebra_496,prealgebra,Level 1,True,True,195,201,-6
math_test_prealgebra_497,prealgebra,Level 3,True,True,1472,1219,253
math_test_prealgebra_498,prealgebra,Level 4,True,False,1207,2942,-1735
math_test_prealgebra_508,prealgebra,Level 5,True,True,667,436,231
math_test_prealgebra_52,prealgebra,Level 3,True,True,420,217,203
math_test_prealgebra_522,prealgebra,Level 4,True,True,328,281,47
math_test_prealgebra_523,prealgebra,Level 1,True,True,432,207,225
math_test_prealgebra_524,prealgebra,Level 3,True,True,463,257,206
math_test_prealgebra_526,prealgebra,Level 3,True,True,1115,702,413
math_test_prealgebra_527,prealgebra,Level 1,True,True,243,216,27
math_test_prealgebra_53,prealgebra,Level 2,True,True,624,323,301
math_test_prealgebra_534,prealgebra,Level 4,True,True,522,287,235
math_test_prealgebra_543,prealgebra,Level 2,True,True,645,427,218
math_test_prealgebra_546,prealgebra,Level 5,True,True,2392,1521,871
math_test_prealgebra_547,prealgebra,Level 5,True,True,412,279,133
math_test_prealgebra_556,prealgebra,Level 3,True,True,580,231,349
math_test_prealgebra_558,prealgebra,Level 1,True,True,507,201,306
math_test_prealgebra_567,prealgebra,Level 3,True,True,498,241,257
math_test_prealgebra_573,prealgebra,Level 5,False,False,4650,4453,197
math_test_prealgebra_578,prealgebra,Level 3,True,True,470,278,192
math_test_prealgebra_583,prealgebra,Level 3,False,False,4483,4308,175
math_test_prealgebra_595,prealgebra,Level 4,True,True,1499,1403,96
math_test_prealgebra_600,prealgebra,Level 3,True,True,908,713,195
math_test_prealgebra_607,prealgebra,Level 4,True,True,1288,849,439
math_test_prealgebra_620,prealgebra,Level 5,True,True,1655,889,766
math_test_prealgebra_634,prealgebra,Level 4,True,True,492,269,223
math_test_prealgebra_638,prealgebra,Level 4,True,True,516,287,229
math_test_prealgebra_645,prealgebra,Level 4,True,True,2658,3538,-880
math_test_prealgebra_654,prealgebra,Level 2,True,True,474,231,243
math_test_prealgebra_669,prealgebra,Level 1,True,True,137,143,-6
math_test_prealgebra_674,prealgebra,Level 5,True,True,586,327,259
math_test_prealgebra_679,prealgebra,Level 3,True,True,452,201,251
math_test_prealgebra_681,prealgebra,Level 4,True,True,434,217,217
math_test_prealgebra_7,prealgebra,Level 4,True,True,421,250,171
math_test_prealgebra_737,prealgebra,Level 4,True,True,671,364,307
math_test_prealgebra_743,prealgebra,Level 3,False,False,4593,4382,211
math_test_prealgebra_744,prealgebra,Level 1,True,True,211,227,-16
math_test_prealgebra_750,prealgebra,Level 2,True,True,696,461,235
math_test_prealgebra_779,prealgebra,Level 2,True,True,2840,2950,-110
math_test_prealgebra_78,prealgebra,Level 1,True,True,213,254,-41
math_test_prealgebra_781,prealgebra,Level 2,True,True,196,193,3
math_test_prealgebra_789,prealgebra,Level 2,False,True,496,241,255
math_test_prealgebra_790,prealgebra,Level 3,True,True,1338,407,931
math_test_prealgebra_796,prealgebra,Level 4,False,False,4813,4558,255
math_test_prealgebra_803,prealgebra,Level 5,True,True,841,724,117
math_test_prealgebra_816,prealgebra,Level 2,True,True,443,171,272
math_test_prealgebra_825,prealgebra,Level 5,True,True,875,746,129
math_test_prealgebra_827,prealgebra,Level 3,True,True,534,303,231
math_test_prealgebra_830,prealgebra,Level 2,True,True,619,285,334
math_test_prealgebra_832,prealgebra,Level 3,True,True,495,253,242
math_test_prealgebra_836,prealgebra,Level 4,True,True,334,228,106
math_test_prealgebra_837,prealgebra,Level 2,True,True,969,700,269
math_test_prealgebra_842,prealgebra,Level 5,True,True,480,384,96
math_test_prealgebra_844,prealgebra,Level 5,True,True,850,605,245
math_test_prealgebra_846,prealgebra,Level 3,True,True,547,272,275
math_test_prealgebra_866,prealgebra,Level 4,True,True,570,390,180
math_test_prealgebra_96,prealgebra,Level 4,True,True,539,313,226
math_test_precalculus_101,precalculus,Level 3,True,True,1036,326,710
math_test_precalculus_104,precalculus,Level 3,True,True,1112,748,364
math_test_precalculus_119,precalculus,Level 1,True,True,585,386,199
math_test_precalculus_127,precalculus,Level 5,True,True,2773,2861,-88
math_test_precalculus_152,precalculus,Level 2,True,True,901,791,110
math_test_precalculus_162,precalculus,Level 2,False,True,1501,836,665
math_test_precalculus_173,precalculus,Level 1,True,True,606,216,390
math_test_precalculus_207,precalculus,Level 3,True,True,694,474,220
math_test_precalculus_219,precalculus,Level 5,False,False,4526,4233,293
math_test_precalculus_237,precalculus,Level 4,True,True,1107,705,402
math_test_precalculus_241,precalculus,Level 3,True,True,2030,1316,714
math_test_precalculus_244,precalculus,Level 2,True,True,433,413,20
math_test_precalculus_248,precalculus,Level 1,True,True,797,512,285
math_test_precalculus_252,precalculus,Level 2,True,True,781,481,300
math_test_precalculus_259,precalculus,Level 3,True,True,697,465,232
math_test_precalculus_264,precalculus,Level 3,True,True,733,440,293
math_test_precalculus_269,precalculus,Level 3,True,True,753,709,44
math_test_precalculus_282,precalculus,Level 4,True,True,1268,932,336
math_test_precalculus_285,precalculus,Level 5,False,True,4477,3229,1248
math_test_precalculus_29,precalculus,Level 5,True,True,1292,993,299
math_test_precalculus_291,precalculus,Level 2,True,True,2077,1738,339
math_test_precalculus_292,precalculus,Level 5,True,True,1444,1484,-40
math_test_precalculus_296,precalculus,Level 2,True,True,569,506,63
math_test_precalculus_309,precalculus,Level 4,True,True,830,510,320
math_test_precalculus_323,precalculus,Level 3,True,True,870,619,251
math_test_precalculus_328,precalculus,Level 3,True,True,1161,880,281
math_test_precalculus_329,precalculus,Level 1,True,True,1085,493,592
math_test_precalculus_331,precalculus,Level 3,True,True,1042,628,414
math_test_precalculus_333,precalculus,Level 5,True,True,1180,1040,140
math_test_precalculus_335,precalculus,Level 4,True,True,690,467,223
math_test_precalculus_340,precalculus,Level 4,True,True,1277,1075,202
math_test_precalculus_349,precalculus,Level 1,True,True,1846,1448,398
math_test_precalculus_374,precalculus,Level 3,True,True,1666,904,762
math_test_precalculus_382,precalculus,Level 5,True,True,784,1160,-376
math_test_precalculus_386,precalculus,Level 2,True,True,795,562,233
math_test_precalculus_394,precalculus,Level 2,True,True,1069,632,437
math_test_precalculus_404,precalculus,Level 5,True,True,3495,2401,1094
math_test_precalculus_41,precalculus,Level 4,True,True,1480,1119,361
math_test_precalculus_418,precalculus,Level 5,True,True,1624,1592,32
math_test_precalculus_439,precalculus,Level 3,True,True,1524,1540,-16
math_test_precalculus_440,precalculus,Level 4,True,True,4168,2901,1267
math_test_precalculus_452,precalculus,Level 2,True,True,3588,2455,1133
math_test_precalculus_453,precalculus,Level 4,True,True,2286,2488,-202
math_test_precalculus_479,precalculus,Level 2,True,True,767,400,367
math_test_precalculus_48,precalculus,Level 4,True,True,2414,2336,78
math_test_precalculus_497,precalculus,Level 3,True,True,551,349,202
math_test_precalculus_499,precalculus,Level 5,True,True,1503,1283,220
math_test_precalculus_512,precalculus,Level 5,False,True,4478,3878,600
math_test_precalculus_514,precalculus,Level 4,True,True,3814,1477,2337
math_test_precalculus_524,precalculus,Level 3,True,True,1175,748,427
math_test_precalculus_534,precalculus,Level 5,True,True,857,633,224
math_test_precalculus_62,precalculus,Level 5,True,True,2408,2741,-333
math_test_precalculus_64,precalculus,Level 4,True,True,1402,1263,139
math_test_precalculus_69,precalculus,Level 4,True,True,1904,1456,448
math_test_precalculus_78,precalculus,Level 5,True,True,4255,2133,2122
math_test_precalculus_85,precalculus,Level 5,True,True,1980,630,1350
math_test_precalculus_87,precalculus,Level 2,True,True,1095,905,190
