audit_id,skill_id,scenario,original_status,rule_status,first_rejection_gate,eligible_dev_router_passes,historical_usage_gate_exists,interpretation
S01,algebra_d40385fe7ff65b49,keep_all,quarantine,quarantine,independent_evidence,,False,rule-only; not new effectiveness evidence
S01,algebra_d40385fe7ff65b49,disable_min_source,quarantine,quarantine,independent_evidence,,False,rule-only; not new effectiveness evidence
S01,algebra_d40385fe7ff65b49,disable_min_dev,quarantine,quarantine,independent_evidence,,False,rule-only; not new effectiveness evidence
S01,algebra_d40385fe7ff65b49,disable_positive_cost,quarantine,quarantine,independent_evidence,,False,rule-only; not new effectiveness evidence
S01,algebra_d40385fe7ff65b49,disable_historical_usage,quarantine,quarantine,independent_evidence,,False,rule-only; not new effectiveness evidence
S02,algebra_f19801d93b4c6de1,keep_all,quarantine,quarantine,independent_evidence,,False,rule-only; not new effectiveness evidence
S02,algebra_f19801d93b4c6de1,disable_min_source,quarantine,quarantine,independent_evidence,,False,rule-only; not new effectiveness evidence
S02,algebra_f19801d93b4c6de1,disable_min_dev,quarantine,quarantine,independent_evidence,,False,rule-only; not new effectiveness evidence
S02,algebra_f19801d93b4c6de1,disable_positive_cost,quarantine,quarantine,independent_evidence,,False,rule-only; not new effectiveness evidence
S02,algebra_f19801d93b4c6de1,disable_historical_usage,quarantine,quarantine,independent_evidence,,False,rule-only; not new effectiveness evidence
S03,counting_probability_0df8c48c1a89daca,keep_all,quarantine,quarantine,independent_evidence,,False,rule-only; not new effectiveness evidence
S03,counting_probability_0df8c48c1a89daca,disable_min_source,quarantine,quarantine,independent_evidence,,False,rule-only; not new effectiveness evidence
S03,counting_probability_0df8c48c1a89daca,disable_min_dev,quarantine,quarantine,independent_evidence,,False,rule-only; not new effectiveness evidence
S03,counting_probability_0df8c48c1a89daca,disable_positive_cost,quarantine,quarantine,independent_evidence,,False,rule-only; not new effectiveness evidence
S03,counting_probability_0df8c48c1a89daca,disable_historical_usage,quarantine,quarantine,independent_evidence,,False,rule-only; not new effectiveness evidence
S04,counting_probability_669101e83d955915,keep_all,shadow,shadow,saving_lower_bound,,False,rule-only; not new effectiveness evidence
S04,counting_probability_669101e83d955915,disable_min_source,shadow,shadow,saving_lower_bound,,False,rule-only; not new effectiveness evidence
S04,counting_probability_669101e83d955915,disable_min_dev,shadow,shadow,saving_lower_bound,,False,rule-only; not new effectiveness evidence
S04,counting_probability_669101e83d955915,disable_positive_cost,shadow,active,,0,False,rule-only; not new effectiveness evidence
S04,counting_probability_669101e83d955915,disable_historical_usage,shadow,shadow,saving_lower_bound,,False,rule-only; not new effectiveness evidence
S05,geometry_a16ffa2270c26c3b,keep_all,quarantine,quarantine,independent_evidence,,False,rule-only; not new effectiveness evidence
S05,geometry_a16ffa2270c26c3b,disable_min_source,quarantine,quarantine,independent_evidence,,False,rule-only; not new effectiveness evidence
S05,geometry_a16ffa2270c26c3b,disable_min_dev,quarantine,quarantine,independent_evidence,,False,rule-only; not new effectiveness evidence
S05,geometry_a16ffa2270c26c3b,disable_positive_cost,quarantine,quarantine,independent_evidence,,False,rule-only; not new effectiveness evidence
S05,geometry_a16ffa2270c26c3b,disable_historical_usage,quarantine,quarantine,independent_evidence,,False,rule-only; not new effectiveness evidence
S06,geometry_ee3896b4fd724c16,keep_all,shadow,shadow,saving_lower_bound,,False,rule-only; not new effectiveness evidence
S06,geometry_ee3896b4fd724c16,disable_min_source,shadow,shadow,saving_lower_bound,,False,rule-only; not new effectiveness evidence
S06,geometry_ee3896b4fd724c16,disable_min_dev,shadow,shadow,saving_lower_bound,,False,rule-only; not new effectiveness evidence
S06,geometry_ee3896b4fd724c16,disable_positive_cost,shadow,active,,0,False,rule-only; not new effectiveness evidence
S06,geometry_ee3896b4fd724c16,disable_historical_usage,shadow,shadow,saving_lower_bound,,False,rule-only; not new effectiveness evidence
S07,intermediate_algebra_4a5d6d54c25d8d89,keep_all,shadow,shadow,dev_count,,False,rule-only; not new effectiveness evidence
S07,intermediate_algebra_4a5d6d54c25d8d89,disable_min_source,shadow,shadow,dev_count,,False,rule-only; not new effectiveness evidence
S07,intermediate_algebra_4a5d6d54c25d8d89,disable_min_dev,shadow,shadow,saving_lower_bound,,False,rule-only; not new effectiveness evidence
S07,intermediate_algebra_4a5d6d54c25d8d89,disable_positive_cost,shadow,shadow,dev_count,,False,rule-only; not new effectiveness evidence
S07,intermediate_algebra_4a5d6d54c25d8d89,disable_historical_usage,shadow,shadow,dev_count,,False,rule-only; not new effectiveness evidence
S08,intermediate_algebra_84df7571219b97b2,keep_all,quarantine,quarantine,independent_evidence,,False,rule-only; not new effectiveness evidence
S08,intermediate_algebra_84df7571219b97b2,disable_min_source,quarantine,quarantine,independent_evidence,,False,rule-only; not new effectiveness evidence
S08,intermediate_algebra_84df7571219b97b2,disable_min_dev,quarantine,quarantine,independent_evidence,,False,rule-only; not new effectiveness evidence
S08,intermediate_algebra_84df7571219b97b2,disable_positive_cost,quarantine,quarantine,independent_evidence,,False,rule-only; not new effectiveness evidence
S08,intermediate_algebra_84df7571219b97b2,disable_historical_usage,quarantine,quarantine,independent_evidence,,False,rule-only; not new effectiveness evidence
S09,number_theory_a4f64c60a5009d0c,keep_all,quarantine,quarantine,independent_evidence,,False,rule-only; not new effectiveness evidence
S09,number_theory_a4f64c60a5009d0c,disable_min_source,quarantine,quarantine,independent_evidence,,False,rule-only; not new effectiveness evidence
S09,number_theory_a4f64c60a5009d0c,disable_min_dev,quarantine,quarantine,independent_evidence,,False,rule-only; not new effectiveness evidence
S09,number_theory_a4f64c60a5009d0c,disable_positive_cost,quarantine,quarantine,independent_evidence,,False,rule-only; not new effectiveness evidence
S09,number_theory_a4f64c60a5009d0c,disable_historical_usage,quarantine,quarantine,independent_evidence,,False,rule-only; not new effectiveness evidence
S10,number_theory_e7d46565b1c984a9,keep_all,quarantine,quarantine,independent_evidence,,False,rule-only; not new effectiveness evidence
S10,number_theory_e7d46565b1c984a9,disable_min_source,quarantine,quarantine,independent_evidence,,False,rule-only; not new effectiveness evidence
S10,number_theory_e7d46565b1c984a9,disable_min_dev,quarantine,quarantine,independent_evidence,,False,rule-only; not new effectiveness evidence
S10,number_theory_e7d46565b1c984a9,disable_positive_cost,quarantine,quarantine,independent_evidence,,False,rule-only; not new effectiveness evidence
S10,number_theory_e7d46565b1c984a9,disable_historical_usage,quarantine,quarantine,independent_evidence,,False,rule-only; not new effectiveness evidence
S11,prealgebra_3dabe2e95c1ae39e,keep_all,quarantine,quarantine,independent_evidence,,False,rule-only; not new effectiveness evidence
S11,prealgebra_3dabe2e95c1ae39e,disable_min_source,quarantine,quarantine,independent_evidence,,False,rule-only; not new effectiveness evidence
S11,prealgebra_3dabe2e95c1ae39e,disable_min_dev,quarantine,quarantine,independent_evidence,,False,rule-only; not new effectiveness evidence
S11,prealgebra_3dabe2e95c1ae39e,disable_positive_cost,quarantine,quarantine,independent_evidence,,False,rule-only; not new effectiveness evidence
S11,prealgebra_3dabe2e95c1ae39e,disable_historical_usage,quarantine,quarantine,independent_evidence,,False,rule-only; not new effectiveness evidence
S12,precalculus_5193e2e6c7ae508d,keep_all,quarantine,quarantine,observed_harm,,False,rule-only; not new effectiveness evidence
S12,precalculus_5193e2e6c7ae508d,disable_min_source,quarantine,quarantine,observed_harm,,False,rule-only; not new effectiveness evidence
S12,precalculus_5193e2e6c7ae508d,disable_min_dev,quarantine,quarantine,observed_harm,,False,rule-only; not new effectiveness evidence
S12,precalculus_5193e2e6c7ae508d,disable_positive_cost,quarantine,quarantine,observed_harm,,False,rule-only; not new effectiveness evidence
S12,precalculus_5193e2e6c7ae508d,disable_historical_usage,quarantine,quarantine,observed_harm,,False,rule-only; not new effectiveness evidence
