task_id,actual_bot_prompt_equals_empty_bank,router_decision_equal,calls,retries,fresh_model_output_equivalence
math_test_algebra_1008,True,True,1,0,unknown stochastic counterfactual; replay does not infer a new sample
math_test_algebra_1012,True,True,1,0,unknown stochastic counterfactual; replay does not infer a new sample
math_test_algebra_1031,True,True,1,0,unknown stochastic counterfactual; replay does not infer a new sample
math_test_algebra_1033,True,True,1,0,unknown stochastic counterfactual; replay does not infer a new sample
math_test_algebra_1041,True,True,1,0,unknown stochastic counterfactual; replay does not infer a new sample
math_test_algebra_1046,True,True,1,0,unknown stochastic counterfactual; replay does not infer a new sample
math_test_algebra_1047,True,True,1,0,unknown stochastic counterfactual; replay does not infer a new sample
math_test_algebra_1050,True,True,1,0,unknown stochastic counterfactual; replay does not infer a new sample
math_test_algebra_1074,True,True,1,0,unknown stochastic counterfactual; replay does not infer a new sample
math_test_algebra_1077,True,True,1,0,unknown stochastic counterfactual; replay does not infer a new sample
math_test_algebra_1079,True,True,1,0,unknown stochastic counterfactual; replay does not infer a new sample
math_test_algebra_1081,True,True,1,0,unknown stochastic counterfactual; replay does not infer a new sample
math_test_algebra_1088,True,True,1,0,unknown stochastic counterfactual; replay does not infer a new sample
math_test_algebra_1097,True,True,1,0,unknown stochastic counterfactual; replay does not infer a new sample
math_test_algebra_1102,True,True,1,0,unknown stochastic counterfactual; replay does not infer a new sample
math_test_algebra_1107,True,True,1,0,unknown stochastic counterfactual; replay does not infer a new sample
math_test_algebra_1128,True,True,1,0,unknown stochastic counterfactual; replay does not infer a new sample
math_test_algebra_1131,True,True,1,0,unknown stochastic counterfactual; replay does not infer a new sample
math_test_algebra_1145,True,True,1,0,unknown stochastic counterfactual; replay does not infer a new sample
math_test_algebra_1151,True,True,1,0,unknown stochastic counterfactual; replay does not infer a new sample
math_test_algebra_1159,True,True,1,0,unknown stochastic counterfactual; replay does not infer a new sample
math_test_algebra_1163,True,True,1,0,unknown stochastic counterfactual; replay does not infer a new sample
math_test_algebra_1166,True,True,1,0,unknown stochastic counterfactual; replay does not infer a new sample
math_test_algebra_1178,True,True,1,0,unknown stochastic counterfactual; replay does not infer a new sample
math_test_algebra_521,True,True,1,0,unknown stochastic counterfactual; replay does not infer a new sample
math_test_algebra_543,True,True,1,0,unknown stochastic counterfactual; replay does not infer a new sample
math_test_algebra_553,True,True,1,0,unknown stochastic counterfactual; replay does not infer a new sample
math_test_algebra_555,True,True,1,0,unknown stochastic counterfactual; replay does not infer a new sample
math_test_algebra_569,True,True,1,0,unknown stochastic counterfactual; replay does not infer a new sample
math_test_algebra_587,True,True,1,0,unknown stochastic counterfactual; replay does not infer a new sample
math_test_algebra_595,True,True,1,0,unknown stochastic counterfactual; replay does not infer a new sample
math_test_algebra_600,True,True,1,0,unknown stochastic counterfactual; replay does not infer a new sample
math_test_algebra_602,True,True,1,0,unknown stochastic counterfactual; replay does not infer a new sample
math_test_algebra_605,True,True,1,0,unknown stochastic counterfactual; replay does not infer a new sample
math_test_algebra_631,True,True,1,0,unknown stochastic counterfactual; replay does not infer a new sample
math_test_algebra_662,True,True,1,0,unknown stochastic counterfactual; replay does not infer a new sample
math_test_algebra_672,True,True,1,0,unknown stochastic counterfactual; replay does not infer a new sample
math_test_algebra_673,True,True,1,0,unknown stochastic counterfactual; replay does not infer a new sample
math_test_algebra_679,True,True,1,0,unknown stochastic counterfactual; replay does not infer a new sample
math_test_algebra_698,True,True,1,0,unknown stochastic counterfactual; replay does not infer a new sample
math_test_algebra_701,True,True,1,0,unknown stochastic counterfactual; replay does not infer a new sample
math_test_algebra_707,True,True,1,0,unknown stochastic counterfactual; replay does not infer a new sample
math_test_algebra_708,True,True,1,0,unknown stochastic counterfactual; replay does not infer a new sample
math_test_algebra_714,True,True,1,0,unknown stochastic counterfactual; replay does not infer a new sample
math_test_algebra_721,True,True,1,0,unknown stochastic counterfactual; replay does not infer a new sample
math_test_algebra_738,True,True,1,0,unknown stochastic counterfactual; replay does not infer a new sample
math_test_algebra_739,True,True,1,0,unknown stochastic counterfactual; replay does not infer a new sample
math_test_algebra_740,True,True,1,0,unknown stochastic counterfactual; replay does not infer a new sample
math_test_algebra_741,True,True,1,0,unknown stochastic counterfactual; replay does not infer a new sample
math_test_algebra_757,True,True,1,0,unknown stochastic counterfactual; replay does not infer a new sample
math_test_algebra_766,True,True,1,0,unknown stochastic counterfactual; replay does not infer a new sample
math_test_algebra_768,True,True,1,0,unknown stochastic counterfactual; replay does not infer a new sample
math_test_algebra_770,True,True,1,0,unknown stochastic counterfactual; replay does not infer a new sample
math_test_algebra_779,True,True,1,0,unknown stochastic counterfactual; replay does not infer a new sample
math_test_algebra_781,True,True,1,0,unknown stochastic counterfactual; replay does not infer a new sample
math_test_algebra_793,True,True,1,0,unknown stochastic counterfactual; replay does not infer a new sample
math_test_algebra_799,True,True,1,0,unknown stochastic counterfactual; replay does not infer a new sample
math_test_algebra_836,True,True,1,0,unknown stochastic counterfactual; replay does not infer a new sample
math_test_algebra_838,True,True,1,0,unknown stochastic counterfactual; replay does not infer a new sample
math_test_algebra_847,True,True,1,0,unknown stochastic counterfactual; replay does not infer a new sample
math_test_algebra_853,True,True,1,0,unknown stochastic counterfactual; replay does not infer a new sample
math_test_algebra_879,True,True,1,0,unknown stochastic counterfactual; replay does not infer a new sample
math_test_algebra_882,True,True,1,0,unknown stochastic counterfactual; replay does not infer a new sample
math_test_algebra_884,True,True,1,0,unknown stochastic counterfactual; replay does not infer a new sample
math_test_algebra_888,True,True,1,0,unknown stochastic counterfactual; replay does not infer a new sample
math_test_algebra_894,True,True,1,0,unknown stochastic counterfactual; replay does not infer a new sample
math_test_algebra_910,True,True,1,0,unknown stochastic counterfactual; replay does not infer a new sample
math_test_algebra_925,True,True,1,0,unknown stochastic counterfactual; replay does not infer a new sample
math_test_algebra_932,True,True,1,0,unknown stochastic counterfactual; replay does not infer a new sample
math_test_algebra_933,True,True,1,0,unknown stochastic counterfactual; replay does not infer a new sample
math_test_algebra_957,True,True,1,0,unknown stochastic counterfactual; replay does not infer a new sample
math_test_algebra_960,True,True,1,0,unknown stochastic counterfactual; replay does not infer a new sample
math_test_algebra_963,True,True,1,0,unknown stochastic counterfactual; replay does not infer a new sample
math_test_algebra_970,True,True,1,0,unknown stochastic counterfactual; replay does not infer a new sample
math_test_algebra_982,True,True,1,0,unknown stochastic counterfactual; replay does not infer a new sample
math_test_algebra_988,True,True,1,0,unknown stochastic counterfactual; replay does not infer a new sample
math_test_algebra_991,True,True,1,0,unknown stochastic counterfactual; replay does not infer a new sample
math_test_algebra_994,True,True,1,0,unknown stochastic counterfactual; replay does not infer a new sample
math_test_counting_probability_100,True,True,1,0,unknown stochastic counterfactual; replay does not infer a new sample
math_test_counting_probability_101,True,True,1,0,unknown stochastic counterfactual; replay does not infer a new sample
math_test_counting_probability_103,True,True,1,0,unknown stochastic counterfactual; replay does not infer a new sample
math_test_counting_probability_114,True,True,1,0,unknown stochastic counterfactual; replay does not infer a new sample
math_test_counting_probability_130,True,True,1,0,unknown stochastic counterfactual; replay does not infer a new sample
math_test_counting_probability_136,True,True,1,0,unknown stochastic counterfactual; replay does not infer a new sample
math_test_counting_probability_154,True,True,1,0,unknown stochastic counterfactual; replay does not infer a new sample
math_test_counting_probability_16,True,True,1,0,unknown stochastic counterfactual; replay does not infer a new sample
math_test_counting_probability_186,True,True,1,0,unknown stochastic counterfactual; replay does not infer a new sample
math_test_counting_probability_193,True,True,1,0,unknown stochastic counterfactual; replay does not infer a new sample
math_test_counting_probability_196,True,True,1,0,unknown stochastic counterfactual; replay does not infer a new sample
math_test_counting_probability_198,True,True,1,0,unknown stochastic counterfactual; replay does not infer a new sample
math_test_counting_probability_199,True,True,1,0,unknown stochastic counterfactual; replay does not infer a new sample
math_test_counting_probability_201,True,True,1,0,unknown stochastic counterfactual; replay does not infer a new sample
math_test_counting_probability_215,True,True,1,0,unknown stochastic counterfactual; replay does not infer a new sample
math_test_counting_probability_230,True,True,1,0,unknown stochastic counterfactual; replay does not infer a new sample
math_test_counting_probability_236,True,True,1,0,unknown stochastic counterfactual; replay does not infer a new sample
math_test_counting_probability_252,True,True,1,0,unknown stochastic counterfactual; replay does not infer a new sample
math_test_counting_probability_257,True,True,1,0,unknown stochastic counterfactual; replay does not infer a new sample
math_test_counting_probability_270,True,True,1,0,unknown stochastic counterfactual; replay does not infer a new sample
math_test_counting_probability_282,True,True,1,0,unknown stochastic counterfactual; replay does not infer a new sample
math_test_counting_probability_288,True,True,1,0,unknown stochastic counterfactual; replay does not infer a new sample
math_test_counting_probability_29,True,True,1,0,unknown stochastic counterfactual; replay does not infer a new sample
math_test_counting_probability_298,True,True,1,0,unknown stochastic counterfactual; replay does not infer a new sample
math_test_counting_probability_305,True,True,1,0,unknown stochastic counterfactual; replay does not infer a new sample
math_test_counting_probability_312,True,True,1,0,unknown stochastic counterfactual; replay does not infer a new sample
math_test_counting_probability_341,True,True,1,0,unknown stochastic counterfactual; replay does not infer a new sample
math_test_counting_probability_35,True,True,1,0,unknown stochastic counterfactual; replay does not infer a new sample
math_test_counting_probability_350,True,True,1,0,unknown stochastic counterfactual; replay does not infer a new sample
math_test_counting_probability_359,True,True,1,0,unknown stochastic counterfactual; replay does not infer a new sample
math_test_counting_probability_361,True,True,1,0,unknown stochastic counterfactual; replay does not infer a new sample
math_test_counting_probability_367,True,True,1,0,unknown stochastic counterfactual; replay does not infer a new sample
math_test_counting_probability_37,True,True,1,0,unknown stochastic counterfactual; replay does not infer a new sample
math_test_counting_probability_381,True,True,1,0,unknown stochastic counterfactual; replay does not infer a new sample
math_test_counting_probability_40,True,True,1,0,unknown stochastic counterfactual; replay does not infer a new sample
math_test_counting_probability_402,True,True,1,0,unknown stochastic counterfactual; replay does not infer a new sample
math_test_counting_probability_410,True,True,1,0,unknown stochastic counterfactual; replay does not infer a new sample
math_test_counting_probability_411,True,True,1,0,unknown stochastic counterfactual; replay does not infer a new sample
math_test_counting_probability_418,True,True,1,0,unknown stochastic counterfactual; replay does not infer a new sample
math_test_counting_probability_419,True,True,1,0,unknown stochastic counterfactual; replay does not infer a new sample
math_test_counting_probability_433,True,True,1,0,unknown stochastic counterfactual; replay does not infer a new sample
math_test_counting_probability_458,True,True,1,0,unknown stochastic counterfactual; replay does not infer a new sample
math_test_counting_probability_459,True,True,1,0,unknown stochastic counterfactual; replay does not infer a new sample
math_test_counting_probability_46,True,True,1,0,unknown stochastic counterfactual; replay does not infer a new sample
math_test_counting_probability_465,True,True,1,0,unknown stochastic counterfactual; replay does not infer a new sample
math_test_counting_probability_52,True,True,1,0,unknown stochastic counterfactual; replay does not infer a new sample
math_test_counting_probability_56,True,True,1,0,unknown stochastic counterfactual; replay does not infer a new sample
math_test_counting_probability_68,True,True,1,0,unknown stochastic counterfactual; replay does not infer a new sample
math_test_counting_probability_86,True,True,1,0,unknown stochastic counterfactual; replay does not infer a new sample
math_test_counting_probability_91,True,True,1,0,unknown stochastic counterfactual; replay does not infer a new sample
math_test_counting_probability_95,True,True,1,0,unknown stochastic counterfactual; replay does not infer a new sample
math_test_counting_probability_98,True,True,1,0,unknown stochastic counterfactual; replay does not infer a new sample
math_test_geometry_10,True,True,1,0,unknown stochastic counterfactual; replay does not infer a new sample
math_test_geometry_105,True,True,1,0,unknown stochastic counterfactual; replay does not infer a new sample
math_test_geometry_107,True,True,1,0,unknown stochastic counterfactual; replay does not infer a new sample
math_test_geometry_127,True,True,1,0,unknown stochastic counterfactual; replay does not infer a new sample
math_test_geometry_129,True,True,1,0,unknown stochastic counterfactual; replay does not infer a new sample
math_test_geometry_147,True,True,1,0,unknown stochastic counterfactual; replay does not infer a new sample
math_test_geometry_148,True,True,1,0,unknown stochastic counterfactual; replay does not infer a new sample
math_test_geometry_152,True,True,1,0,unknown stochastic counterfactual; replay does not infer a new sample
math_test_geometry_154,True,True,1,0,unknown stochastic counterfactual; replay does not infer a new sample
math_test_geometry_161,True,True,1,0,unknown stochastic counterfactual; replay does not infer a new sample
math_test_geometry_165,True,True,1,0,unknown stochastic counterfactual; replay does not infer a new sample
math_test_geometry_172,True,True,1,0,unknown stochastic counterfactual; replay does not infer a new sample
math_test_geometry_18,True,True,1,0,unknown stochastic counterfactual; replay does not infer a new sample
math_test_geometry_181,True,True,1,0,unknown stochastic counterfactual; replay does not infer a new sample
math_test_geometry_183,True,True,1,0,unknown stochastic counterfactual; replay does not infer a new sample
math_test_geometry_199,True,True,1,0,unknown stochastic counterfactual; replay does not infer a new sample
math_test_geometry_213,True,True,1,0,unknown stochastic counterfactual; replay does not infer a new sample
math_test_geometry_214,True,True,1,0,unknown stochastic counterfactual; replay does not infer a new sample
math_test_geometry_223,True,True,1,0,unknown stochastic counterfactual; replay does not infer a new sample
math_test_geometry_227,True,True,1,0,unknown stochastic counterfactual; replay does not infer a new sample
math_test_geometry_239,True,True,1,0,unknown stochastic counterfactual; replay does not infer a new sample
math_test_geometry_240,True,True,1,0,unknown stochastic counterfactual; replay does not infer a new sample
math_test_geometry_243,True,True,1,0,unknown stochastic counterfactual; replay does not infer a new sample
math_test_geometry_245,True,True,1,0,unknown stochastic counterfactual; replay does not infer a new sample
math_test_geometry_251,True,True,1,0,unknown stochastic counterfactual; replay does not infer a new sample
math_test_geometry_253,True,True,1,0,unknown stochastic counterfactual; replay does not infer a new sample
math_test_geometry_258,True,True,1,0,unknown stochastic counterfactual; replay does not infer a new sample
math_test_geometry_268,True,True,1,0,unknown stochastic counterfactual; replay does not infer a new sample
math_test_geometry_278,True,True,1,0,unknown stochastic counterfactual; replay does not infer a new sample
math_test_geometry_285,True,True,1,0,unknown stochastic counterfactual; replay does not infer a new sample
math_test_geometry_31,True,True,1,0,unknown stochastic counterfactual; replay does not infer a new sample
math_test_geometry_33,True,True,1,0,unknown stochastic counterfactual; replay does not infer a new sample
math_test_geometry_340,True,True,1,0,unknown stochastic counterfactual; replay does not infer a new sample
math_test_geometry_35,True,True,1,0,unknown stochastic counterfactual; replay does not infer a new sample
math_test_geometry_350,True,True,1,0,unknown stochastic counterfactual; replay does not infer a new sample
math_test_geometry_351,True,True,1,0,unknown stochastic counterfactual; replay does not infer a new sample
math_test_geometry_367,True,True,1,0,unknown stochastic counterfactual; replay does not infer a new sample
math_test_geometry_381,True,True,1,0,unknown stochastic counterfactual; replay does not infer a new sample
math_test_geometry_397,True,True,1,0,unknown stochastic counterfactual; replay does not infer a new sample
math_test_geometry_399,True,True,1,0,unknown stochastic counterfactual; replay does not infer a new sample
math_test_geometry_43,True,True,1,0,unknown stochastic counterfactual; replay does not infer a new sample
math_test_geometry_430,True,True,1,0,unknown stochastic counterfactual; replay does not infer a new sample
math_test_geometry_434,True,True,1,0,unknown stochastic counterfactual; replay does not infer a new sample
math_test_geometry_453,True,True,1,0,unknown stochastic counterfactual; replay does not infer a new sample
math_test_geometry_463,True,True,1,0,unknown stochastic counterfactual; replay does not infer a new sample
math_test_geometry_48,True,True,1,0,unknown stochastic counterfactual; replay does not infer a new sample
math_test_geometry_61,True,True,1,0,unknown stochastic counterfactual; replay does not infer a new sample
math_test_geometry_66,True,True,1,0,unknown stochastic counterfactual; replay does not infer a new sample
math_test_geometry_73,True,True,1,0,unknown stochastic counterfactual; replay does not infer a new sample
math_test_geometry_8,True,True,1,0,unknown stochastic counterfactual; replay does not infer a new sample
math_test_geometry_80,True,True,1,0,unknown stochastic counterfactual; replay does not infer a new sample
math_test_geometry_83,True,True,1,0,unknown stochastic counterfactual; replay does not infer a new sample
math_test_geometry_98,True,True,1,0,unknown stochastic counterfactual; replay does not infer a new sample
math_test_intermediate_algebra_105,True,True,1,0,unknown stochastic counterfactual; replay does not infer a new sample
math_test_intermediate_algebra_106,True,True,1,0,unknown stochastic counterfactual; replay does not infer a new sample
math_test_intermediate_algebra_107,True,True,1,0,unknown stochastic counterfactual; replay does not infer a new sample
math_test_intermediate_algebra_110,True,True,1,0,unknown stochastic counterfactual; replay does not infer a new sample
math_test_intermediate_algebra_125,True,True,1,0,unknown stochastic counterfactual; replay does not infer a new sample
math_test_intermediate_algebra_130,True,True,1,0,unknown stochastic counterfactual; replay does not infer a new sample
math_test_intermediate_algebra_162,True,True,1,0,unknown stochastic counterfactual; replay does not infer a new sample
math_test_intermediate_algebra_165,True,True,1,0,unknown stochastic counterfactual; replay does not infer a new sample
math_test_intermediate_algebra_178,True,True,1,0,unknown stochastic counterfactual; replay does not infer a new sample
math_test_intermediate_algebra_179,True,True,1,0,unknown stochastic counterfactual; replay does not infer a new sample
math_test_intermediate_algebra_189,True,True,1,0,unknown stochastic counterfactual; replay does not infer a new sample
math_test_intermediate_algebra_192,True,True,1,0,unknown stochastic counterfactual; replay does not infer a new sample
math_test_intermediate_algebra_201,True,True,1,0,unknown stochastic counterfactual; replay does not infer a new sample
math_test_intermediate_algebra_202,True,True,1,0,unknown stochastic counterfactual; replay does not infer a new sample
math_test_intermediate_algebra_215,True,True,1,0,unknown stochastic counterfactual; replay does not infer a new sample
math_test_intermediate_algebra_231,True,True,1,0,unknown stochastic counterfactual; replay does not infer a new sample
math_test_intermediate_algebra_237,True,True,1,0,unknown stochastic counterfactual; replay does not infer a new sample
math_test_intermediate_algebra_242,True,True,1,0,unknown stochastic counterfactual; replay does not infer a new sample
math_test_intermediate_algebra_249,True,True,1,0,unknown stochastic counterfactual; replay does not infer a new sample
math_test_intermediate_algebra_253,True,True,1,0,unknown stochastic counterfactual; replay does not infer a new sample
math_test_intermediate_algebra_257,True,True,1,0,unknown stochastic counterfactual; replay does not infer a new sample
math_test_intermediate_algebra_268,True,True,1,0,unknown stochastic counterfactual; replay does not infer a new sample
math_test_intermediate_algebra_275,True,True,1,0,unknown stochastic counterfactual; replay does not infer a new sample
math_test_intermediate_algebra_282,True,True,1,0,unknown stochastic counterfactual; replay does not infer a new sample
math_test_intermediate_algebra_290,True,True,1,0,unknown stochastic counterfactual; replay does not infer a new sample
math_test_intermediate_algebra_294,True,True,1,0,unknown stochastic counterfactual; replay does not infer a new sample
math_test_intermediate_algebra_300,True,True,1,0,unknown stochastic counterfactual; replay does not infer a new sample
math_test_intermediate_algebra_303,True,True,1,0,unknown stochastic counterfactual; replay does not infer a new sample
math_test_intermediate_algebra_309,True,True,1,0,unknown stochastic counterfactual; replay does not infer a new sample
math_test_intermediate_algebra_316,True,True,1,0,unknown stochastic counterfactual; replay does not infer a new sample
math_test_intermediate_algebra_320,True,True,1,0,unknown stochastic counterfactual; replay does not infer a new sample
math_test_intermediate_algebra_322,True,True,1,0,unknown stochastic counterfactual; replay does not infer a new sample
math_test_intermediate_algebra_336,True,True,1,0,unknown stochastic counterfactual; replay does not infer a new sample
math_test_intermediate_algebra_337,True,True,1,0,unknown stochastic counterfactual; replay does not infer a new sample
math_test_intermediate_algebra_345,True,True,1,0,unknown stochastic counterfactual; replay does not infer a new sample
math_test_intermediate_algebra_363,True,True,1,0,unknown stochastic counterfactual; replay does not infer a new sample
math_test_intermediate_algebra_364,True,True,1,0,unknown stochastic counterfactual; replay does not infer a new sample
math_test_intermediate_algebra_370,True,True,1,0,unknown stochastic counterfactual; replay does not infer a new sample
math_test_intermediate_algebra_374,True,True,1,0,unknown stochastic counterfactual; replay does not infer a new sample
math_test_intermediate_algebra_392,True,True,1,0,unknown stochastic counterfactual; replay does not infer a new sample
math_test_intermediate_algebra_403,True,True,1,0,unknown stochastic counterfactual; replay does not infer a new sample
math_test_intermediate_algebra_406,True,True,1,0,unknown stochastic counterfactual; replay does not infer a new sample
math_test_intermediate_algebra_408,True,True,1,0,unknown stochastic counterfactual; replay does not infer a new sample
math_test_intermediate_algebra_41,True,True,1,0,unknown stochastic counterfactual; replay does not infer a new sample
math_test_intermediate_algebra_42,True,True,1,0,unknown stochastic counterfactual; replay does not infer a new sample
math_test_intermediate_algebra_429,True,True,1,0,unknown stochastic counterfactual; replay does not infer a new sample
math_test_intermediate_algebra_442,True,True,1,0,unknown stochastic counterfactual; replay does not infer a new sample
math_test_intermediate_algebra_464,True,True,1,0,unknown stochastic counterfactual; replay does not infer a new sample
math_test_intermediate_algebra_474,True,True,1,0,unknown stochastic counterfactual; replay does not infer a new sample
math_test_intermediate_algebra_476,True,True,1,0,unknown stochastic counterfactual; replay does not infer a new sample
math_test_intermediate_algebra_509,True,True,1,0,unknown stochastic counterfactual; replay does not infer a new sample
math_test_intermediate_algebra_51,True,True,1,0,unknown stochastic counterfactual; replay does not infer a new sample
math_test_intermediate_algebra_514,True,True,1,0,unknown stochastic counterfactual; replay does not infer a new sample
math_test_intermediate_algebra_521,True,True,1,0,unknown stochastic counterfactual; replay does not infer a new sample
math_test_intermediate_algebra_529,True,True,1,0,unknown stochastic counterfactual; replay does not infer a new sample
math_test_intermediate_algebra_53,True,True,1,0,unknown stochastic counterfactual; replay does not infer a new sample
math_test_intermediate_algebra_540,True,True,1,0,unknown stochastic counterfactual; replay does not infer a new sample
math_test_intermediate_algebra_544,True,True,1,0,unknown stochastic counterfactual; replay does not infer a new sample
math_test_intermediate_algebra_557,True,True,1,0,unknown stochastic counterfactual; replay does not infer a new sample
math_test_intermediate_algebra_559,True,True,1,0,unknown stochastic counterfactual; replay does not infer a new sample
math_test_intermediate_algebra_568,True,True,1,0,unknown stochastic counterfactual; replay does not infer a new sample
math_test_intermediate_algebra_579,True,True,1,0,unknown stochastic counterfactual; replay does not infer a new sample
math_test_intermediate_algebra_593,True,True,1,0,unknown stochastic counterfactual; replay does not infer a new sample
math_test_intermediate_algebra_6,True,True,1,0,unknown stochastic counterfactual; replay does not infer a new sample
math_test_intermediate_algebra_604,True,True,1,0,unknown stochastic counterfactual; replay does not infer a new sample
math_test_intermediate_algebra_607,True,True,1,0,unknown stochastic counterfactual; replay does not infer a new sample
math_test_intermediate_algebra_623,True,True,1,0,unknown stochastic counterfactual; replay does not infer a new sample
math_test_intermediate_algebra_628,True,True,1,0,unknown stochastic counterfactual; replay does not infer a new sample
math_test_intermediate_algebra_636,True,True,1,0,unknown stochastic counterfactual; replay does not infer a new sample
math_test_intermediate_algebra_642,True,True,1,0,unknown stochastic counterfactual; replay does not infer a new sample
math_test_intermediate_algebra_647,True,True,1,0,unknown stochastic counterfactual; replay does not infer a new sample
math_test_intermediate_algebra_656,True,True,1,0,unknown stochastic counterfactual; replay does not infer a new sample
math_test_intermediate_algebra_669,True,True,1,0,unknown stochastic counterfactual; replay does not infer a new sample
math_test_intermediate_algebra_672,True,True,1,0,unknown stochastic counterfactual; replay does not infer a new sample
math_test_intermediate_algebra_681,True,True,1,0,unknown stochastic counterfactual; replay does not infer a new sample
math_test_intermediate_algebra_69,True,True,1,0,unknown stochastic counterfactual; replay does not infer a new sample
math_test_intermediate_algebra_691,True,True,1,0,unknown stochastic counterfactual; replay does not infer a new sample
math_test_intermediate_algebra_705,True,True,1,0,unknown stochastic counterfactual; replay does not infer a new sample
math_test_intermediate_algebra_725,True,True,1,0,unknown stochastic counterfactual; replay does not infer a new sample
math_test_intermediate_algebra_747,True,True,1,0,unknown stochastic counterfactual; replay does not infer a new sample
math_test_intermediate_algebra_748,True,True,1,0,unknown stochastic counterfactual; replay does not infer a new sample
math_test_intermediate_algebra_757,True,True,1,0,unknown stochastic counterfactual; replay does not infer a new sample
math_test_intermediate_algebra_759,True,True,1,0,unknown stochastic counterfactual; replay does not infer a new sample
math_test_intermediate_algebra_763,True,True,1,0,unknown stochastic counterfactual; replay does not infer a new sample
math_test_intermediate_algebra_764,True,True,1,0,unknown stochastic counterfactual; replay does not infer a new sample
math_test_intermediate_algebra_765,True,True,1,0,unknown stochastic counterfactual; replay does not infer a new sample
math_test_intermediate_algebra_790,True,True,1,0,unknown stochastic counterfactual; replay does not infer a new sample
math_test_intermediate_algebra_791,True,True,1,0,unknown stochastic counterfactual; replay does not infer a new sample
math_test_intermediate_algebra_794,True,True,1,0,unknown stochastic counterfactual; replay does not infer a new sample
math_test_intermediate_algebra_796,True,True,1,0,unknown stochastic counterfactual; replay does not infer a new sample
math_test_intermediate_algebra_799,True,True,1,0,unknown stochastic counterfactual; replay does not infer a new sample
math_test_intermediate_algebra_809,True,True,1,0,unknown stochastic counterfactual; replay does not infer a new sample
math_test_intermediate_algebra_810,True,True,1,0,unknown stochastic counterfactual; replay does not infer a new sample
math_test_intermediate_algebra_82,True,True,1,0,unknown stochastic counterfactual; replay does not infer a new sample
math_test_intermediate_algebra_827,True,True,1,0,unknown stochastic counterfactual; replay does not infer a new sample
math_test_intermediate_algebra_829,True,True,1,0,unknown stochastic counterfactual; replay does not infer a new sample
math_test_intermediate_algebra_847,True,True,1,0,unknown stochastic counterfactual; replay does not infer a new sample
math_test_intermediate_algebra_854,True,True,1,0,unknown stochastic counterfactual; replay does not infer a new sample
math_test_intermediate_algebra_866,True,True,1,0,unknown stochastic counterfactual; replay does not infer a new sample
math_test_intermediate_algebra_873,True,True,1,0,unknown stochastic counterfactual; replay does not infer a new sample
math_test_intermediate_algebra_877,True,True,1,0,unknown stochastic counterfactual; replay does not infer a new sample
math_test_intermediate_algebra_884,True,True,1,0,unknown stochastic counterfactual; replay does not infer a new sample
math_test_intermediate_algebra_885,True,True,1,0,unknown stochastic counterfactual; replay does not infer a new sample
math_test_number_theory_112,True,True,1,0,unknown stochastic counterfactual; replay does not infer a new sample
math_test_number_theory_116,True,True,1,0,unknown stochastic counterfactual; replay does not infer a new sample
math_test_number_theory_117,True,True,1,0,unknown stochastic counterfactual; replay does not infer a new sample
math_test_number_theory_122,True,True,1,0,unknown stochastic counterfactual; replay does not infer a new sample
math_test_number_theory_132,True,True,1,0,unknown stochastic counterfactual; replay does not infer a new sample
math_test_number_theory_140,True,True,1,0,unknown stochastic counterfactual; replay does not infer a new sample
math_test_number_theory_147,True,True,1,0,unknown stochastic counterfactual; replay does not infer a new sample
math_test_number_theory_151,True,True,1,0,unknown stochastic counterfactual; replay does not infer a new sample
math_test_number_theory_164,True,True,1,0,unknown stochastic counterfactual; replay does not infer a new sample
math_test_number_theory_167,True,True,1,0,unknown stochastic counterfactual; replay does not infer a new sample
math_test_number_theory_179,True,True,1,0,unknown stochastic counterfactual; replay does not infer a new sample
math_test_number_theory_18,True,True,1,0,unknown stochastic counterfactual; replay does not infer a new sample
math_test_number_theory_19,True,True,1,0,unknown stochastic counterfactual; replay does not infer a new sample
math_test_number_theory_192,True,True,1,0,unknown stochastic counterfactual; replay does not infer a new sample
math_test_number_theory_2,True,True,1,0,unknown stochastic counterfactual; replay does not infer a new sample
math_test_number_theory_223,True,True,1,0,unknown stochastic counterfactual; replay does not infer a new sample
math_test_number_theory_227,True,True,1,0,unknown stochastic counterfactual; replay does not infer a new sample
math_test_number_theory_234,True,True,1,0,unknown stochastic counterfactual; replay does not infer a new sample
math_test_number_theory_237,True,True,1,0,unknown stochastic counterfactual; replay does not infer a new sample
math_test_number_theory_25,True,True,1,0,unknown stochastic counterfactual; replay does not infer a new sample
math_test_number_theory_251,True,True,1,0,unknown stochastic counterfactual; replay does not infer a new sample
math_test_number_theory_263,True,True,1,0,unknown stochastic counterfactual; replay does not infer a new sample
math_test_number_theory_268,True,True,1,0,unknown stochastic counterfactual; replay does not infer a new sample
math_test_number_theory_273,True,True,1,0,unknown stochastic counterfactual; replay does not infer a new sample
math_test_number_theory_275,True,True,1,0,unknown stochastic counterfactual; replay does not infer a new sample
math_test_number_theory_314,True,True,1,0,unknown stochastic counterfactual; replay does not infer a new sample
math_test_number_theory_32,True,True,1,0,unknown stochastic counterfactual; replay does not infer a new sample
math_test_number_theory_324,True,True,1,0,unknown stochastic counterfactual; replay does not infer a new sample
math_test_number_theory_332,True,True,1,0,unknown stochastic counterfactual; replay does not infer a new sample
math_test_number_theory_339,True,True,1,0,unknown stochastic counterfactual; replay does not infer a new sample
math_test_number_theory_340,True,True,1,0,unknown stochastic counterfactual; replay does not infer a new sample
math_test_number_theory_348,True,True,1,0,unknown stochastic counterfactual; replay does not infer a new sample
math_test_number_theory_354,True,True,1,0,unknown stochastic counterfactual; replay does not infer a new sample
math_test_number_theory_378,True,True,1,0,unknown stochastic counterfactual; replay does not infer a new sample
math_test_number_theory_391,True,True,1,0,unknown stochastic counterfactual; replay does not infer a new sample
math_test_number_theory_396,True,True,1,0,unknown stochastic counterfactual; replay does not infer a new sample
math_test_number_theory_399,True,True,1,0,unknown stochastic counterfactual; replay does not infer a new sample
math_test_number_theory_400,True,True,1,0,unknown stochastic counterfactual; replay does not infer a new sample
math_test_number_theory_429,True,True,1,0,unknown stochastic counterfactual; replay does not infer a new sample
math_test_number_theory_444,True,True,1,0,unknown stochastic counterfactual; replay does not infer a new sample
math_test_number_theory_446,True,True,1,0,unknown stochastic counterfactual; replay does not infer a new sample
math_test_number_theory_46,True,True,1,0,unknown stochastic counterfactual; replay does not infer a new sample
math_test_number_theory_463,True,True,1,0,unknown stochastic counterfactual; replay does not infer a new sample
math_test_number_theory_464,True,True,1,0,unknown stochastic counterfactual; replay does not infer a new sample
math_test_number_theory_474,True,True,1,0,unknown stochastic counterfactual; replay does not infer a new sample
math_test_number_theory_480,True,True,1,0,unknown stochastic counterfactual; replay does not infer a new sample
math_test_number_theory_506,True,True,1,0,unknown stochastic counterfactual; replay does not infer a new sample
math_test_number_theory_512,True,True,1,0,unknown stochastic counterfactual; replay does not infer a new sample
math_test_number_theory_519,True,True,1,0,unknown stochastic counterfactual; replay does not infer a new sample
math_test_number_theory_533,True,True,1,0,unknown stochastic counterfactual; replay does not infer a new sample
math_test_number_theory_535,True,True,1,0,unknown stochastic counterfactual; replay does not infer a new sample
math_test_number_theory_536,True,True,1,0,unknown stochastic counterfactual; replay does not infer a new sample
math_test_number_theory_538,True,True,1,0,unknown stochastic counterfactual; replay does not infer a new sample
math_test_number_theory_57,True,True,1,0,unknown stochastic counterfactual; replay does not infer a new sample
math_test_number_theory_61,True,True,1,0,unknown stochastic counterfactual; replay does not infer a new sample
math_test_number_theory_74,True,True,1,0,unknown stochastic counterfactual; replay does not infer a new sample
math_test_number_theory_8,True,True,1,0,unknown stochastic counterfactual; replay does not infer a new sample
math_test_number_theory_82,True,True,1,0,unknown stochastic counterfactual; replay does not infer a new sample
math_test_number_theory_84,True,True,1,0,unknown stochastic counterfactual; replay does not infer a new sample
math_test_prealgebra_100,True,True,1,0,unknown stochastic counterfactual; replay does not infer a new sample
math_test_prealgebra_106,True,True,1,0,unknown stochastic counterfactual; replay does not infer a new sample
math_test_prealgebra_111,True,True,1,0,unknown stochastic counterfactual; replay does not infer a new sample
math_test_prealgebra_112,True,True,1,0,unknown stochastic counterfactual; replay does not infer a new sample
math_test_prealgebra_115,True,True,1,0,unknown stochastic counterfactual; replay does not infer a new sample
math_test_prealgebra_131,True,True,1,0,unknown stochastic counterfactual; replay does not infer a new sample
math_test_prealgebra_152,True,True,1,0,unknown stochastic counterfactual; replay does not infer a new sample
math_test_prealgebra_176,True,True,1,0,unknown stochastic counterfactual; replay does not infer a new sample
math_test_prealgebra_197,True,True,1,0,unknown stochastic counterfactual; replay does not infer a new sample
math_test_prealgebra_199,True,True,1,0,unknown stochastic counterfactual; replay does not infer a new sample
math_test_prealgebra_200,True,True,1,0,unknown stochastic counterfactual; replay does not infer a new sample
math_test_prealgebra_232,True,True,1,0,unknown stochastic counterfactual; replay does not infer a new sample
math_test_prealgebra_242,True,True,1,0,unknown stochastic counterfactual; replay does not infer a new sample
math_test_prealgebra_244,True,True,1,0,unknown stochastic counterfactual; replay does not infer a new sample
math_test_prealgebra_249,True,True,1,0,unknown stochastic counterfactual; replay does not infer a new sample
math_test_prealgebra_251,True,True,1,0,unknown stochastic counterfactual; replay does not infer a new sample
math_test_prealgebra_267,True,True,1,0,unknown stochastic counterfactual; replay does not infer a new sample
math_test_prealgebra_277,True,True,1,0,unknown stochastic counterfactual; replay does not infer a new sample
math_test_prealgebra_279,True,True,1,0,unknown stochastic counterfactual; replay does not infer a new sample
math_test_prealgebra_29,True,True,1,0,unknown stochastic counterfactual; replay does not infer a new sample
math_test_prealgebra_299,True,True,1,0,unknown stochastic counterfactual; replay does not infer a new sample
math_test_prealgebra_321,True,True,1,0,unknown stochastic counterfactual; replay does not infer a new sample
math_test_prealgebra_334,True,True,1,0,unknown stochastic counterfactual; replay does not infer a new sample
math_test_prealgebra_339,True,True,1,0,unknown stochastic counterfactual; replay does not infer a new sample
math_test_prealgebra_358,True,True,1,0,unknown stochastic counterfactual; replay does not infer a new sample
math_test_prealgebra_359,True,True,1,0,unknown stochastic counterfactual; replay does not infer a new sample
math_test_prealgebra_36,True,True,1,0,unknown stochastic counterfactual; replay does not infer a new sample
math_test_prealgebra_364,True,True,1,0,unknown stochastic counterfactual; replay does not infer a new sample
math_test_prealgebra_386,True,True,1,0,unknown stochastic counterfactual; replay does not infer a new sample
math_test_prealgebra_414,True,True,1,0,unknown stochastic counterfactual; replay does not infer a new sample
math_test_prealgebra_425,True,True,1,0,unknown stochastic counterfactual; replay does not infer a new sample
math_test_prealgebra_434,True,True,1,0,unknown stochastic counterfactual; replay does not infer a new sample
math_test_prealgebra_435,True,True,1,0,unknown stochastic counterfactual; replay does not infer a new sample
math_test_prealgebra_440,True,True,1,0,unknown stochastic counterfactual; replay does not infer a new sample
math_test_prealgebra_446,True,True,1,0,unknown stochastic counterfactual; replay does not infer a new sample
math_test_prealgebra_457,True,True,1,0,unknown stochastic counterfactual; replay does not infer a new sample
math_test_prealgebra_468,True,True,1,0,unknown stochastic counterfactual; replay does not infer a new sample
math_test_prealgebra_471,True,True,1,0,unknown stochastic counterfactual; replay does not infer a new sample
math_test_prealgebra_480,True,True,1,0,unknown stochastic counterfactual; replay does not infer a new sample
math_test_prealgebra_481,True,True,1,0,unknown stochastic counterfactual; replay does not infer a new sample
math_test_prealgebra_482,True,True,1,0,unknown stochastic counterfactual; replay does not infer a new sample
math_test_prealgebra_496,True,True,1,0,unknown stochastic counterfactual; replay does not infer a new sample
math_test_prealgebra_497,True,True,1,0,unknown stochastic counterfactual; replay does not infer a new sample
math_test_prealgebra_498,True,True,1,0,unknown stochastic counterfactual; replay does not infer a new sample
math_test_prealgebra_508,True,True,1,0,unknown stochastic counterfactual; replay does not infer a new sample
math_test_prealgebra_52,True,True,1,0,unknown stochastic counterfactual; replay does not infer a new sample
math_test_prealgebra_522,True,True,1,0,unknown stochastic counterfactual; replay does not infer a new sample
math_test_prealgebra_523,True,True,1,0,unknown stochastic counterfactual; replay does not infer a new sample
math_test_prealgebra_524,True,True,1,0,unknown stochastic counterfactual; replay does not infer a new sample
math_test_prealgebra_526,True,True,1,0,unknown stochastic counterfactual; replay does not infer a new sample
math_test_prealgebra_527,True,True,1,0,unknown stochastic counterfactual; replay does not infer a new sample
math_test_prealgebra_53,True,True,1,0,unknown stochastic counterfactual; replay does not infer a new sample
math_test_prealgebra_534,True,True,1,0,unknown stochastic counterfactual; replay does not infer a new sample
math_test_prealgebra_543,True,True,1,0,unknown stochastic counterfactual; replay does not infer a new sample
math_test_prealgebra_546,True,True,1,0,unknown stochastic counterfactual; replay does not infer a new sample
math_test_prealgebra_547,True,True,1,0,unknown stochastic counterfactual; replay does not infer a new sample
math_test_prealgebra_556,True,True,1,0,unknown stochastic counterfactual; replay does not infer a new sample
math_test_prealgebra_558,True,True,1,0,unknown stochastic counterfactual; replay does not infer a new sample
math_test_prealgebra_567,True,True,1,0,unknown stochastic counterfactual; replay does not infer a new sample
math_test_prealgebra_573,True,True,1,0,unknown stochastic counterfactual; replay does not infer a new sample
math_test_prealgebra_578,True,True,1,0,unknown stochastic counterfactual; replay does not infer a new sample
math_test_prealgebra_583,True,True,1,0,unknown stochastic counterfactual; replay does not infer a new sample
math_test_prealgebra_595,True,True,1,0,unknown stochastic counterfactual; replay does not infer a new sample
math_test_prealgebra_600,True,True,1,0,unknown stochastic counterfactual; replay does not infer a new sample
math_test_prealgebra_607,True,True,1,0,unknown stochastic counterfactual; replay does not infer a new sample
math_test_prealgebra_620,True,True,1,0,unknown stochastic counterfactual; replay does not infer a new sample
math_test_prealgebra_634,True,True,1,0,unknown stochastic counterfactual; replay does not infer a new sample
math_test_prealgebra_638,True,True,1,0,unknown stochastic counterfactual; replay does not infer a new sample
math_test_prealgebra_645,True,True,1,0,unknown stochastic counterfactual; replay does not infer a new sample
math_test_prealgebra_654,True,True,1,0,unknown stochastic counterfactual; replay does not infer a new sample
math_test_prealgebra_669,True,True,1,0,unknown stochastic counterfactual; replay does not infer a new sample
math_test_prealgebra_674,True,True,1,0,unknown stochastic counterfactual; replay does not infer a new sample
math_test_prealgebra_679,True,True,1,0,unknown stochastic counterfactual; replay does not infer a new sample
math_test_prealgebra_681,True,True,1,0,unknown stochastic counterfactual; replay does not infer a new sample
math_test_prealgebra_7,True,True,1,0,unknown stochastic counterfactual; replay does not infer a new sample
math_test_prealgebra_737,True,True,1,0,unknown stochastic counterfactual; replay does not infer a new sample
math_test_prealgebra_743,True,True,1,0,unknown stochastic counterfactual; replay does not infer a new sample
math_test_prealgebra_744,True,True,1,0,unknown stochastic counterfactual; replay does not infer a new sample
math_test_prealgebra_750,True,True,1,0,unknown stochastic counterfactual; replay does not infer a new sample
math_test_prealgebra_779,True,True,1,0,unknown stochastic counterfactual; replay does not infer a new sample
math_test_prealgebra_78,True,True,1,0,unknown stochastic counterfactual; replay does not infer a new sample
math_test_prealgebra_781,True,True,1,0,unknown stochastic counterfactual; replay does not infer a new sample
math_test_prealgebra_789,True,True,1,0,unknown stochastic counterfactual; replay does not infer a new sample
math_test_prealgebra_790,True,True,1,0,unknown stochastic counterfactual; replay does not infer a new sample
math_test_prealgebra_796,True,True,1,0,unknown stochastic counterfactual; replay does not infer a new sample
math_test_prealgebra_803,True,True,1,0,unknown stochastic counterfactual; replay does not infer a new sample
math_test_prealgebra_816,True,True,1,0,unknown stochastic counterfactual; replay does not infer a new sample
math_test_prealgebra_825,True,True,1,0,unknown stochastic counterfactual; replay does not infer a new sample
math_test_prealgebra_827,True,True,1,0,unknown stochastic counterfactual; replay does not infer a new sample
math_test_prealgebra_830,True,True,1,0,unknown stochastic counterfactual; replay does not infer a new sample
math_test_prealgebra_832,True,True,1,0,unknown stochastic counterfactual; replay does not infer a new sample
math_test_prealgebra_836,True,True,1,0,unknown stochastic counterfactual; replay does not infer a new sample
math_test_prealgebra_837,True,True,1,0,unknown stochastic counterfactual; replay does not infer a new sample
math_test_prealgebra_842,True,True,1,0,unknown stochastic counterfactual; replay does not infer a new sample
math_test_prealgebra_844,True,True,1,0,unknown stochastic counterfactual; replay does not infer a new sample
math_test_prealgebra_846,True,True,1,0,unknown stochastic counterfactual; replay does not infer a new sample
math_test_prealgebra_866,True,True,1,0,unknown stochastic counterfactual; replay does not infer a new sample
math_test_prealgebra_96,True,True,1,0,unknown stochastic counterfactual; replay does not infer a new sample
math_test_precalculus_101,True,True,1,0,unknown stochastic counterfactual; replay does not infer a new sample
math_test_precalculus_104,True,True,1,0,unknown stochastic counterfactual; replay does not infer a new sample
math_test_precalculus_119,True,True,1,0,unknown stochastic counterfactual; replay does not infer a new sample
math_test_precalculus_127,True,True,1,0,unknown stochastic counterfactual; replay does not infer a new sample
math_test_precalculus_152,True,True,1,0,unknown stochastic counterfactual; replay does not infer a new sample
math_test_precalculus_162,True,True,1,0,unknown stochastic counterfactual; replay does not infer a new sample
math_test_precalculus_173,True,True,1,0,unknown stochastic counterfactual; replay does not infer a new sample
math_test_precalculus_207,True,True,1,0,unknown stochastic counterfactual; replay does not infer a new sample
math_test_precalculus_219,True,True,1,0,unknown stochastic counterfactual; replay does not infer a new sample
math_test_precalculus_237,True,True,1,0,unknown stochastic counterfactual; replay does not infer a new sample
math_test_precalculus_241,True,True,1,0,unknown stochastic counterfactual; replay does not infer a new sample
math_test_precalculus_244,True,True,1,0,unknown stochastic counterfactual; replay does not infer a new sample
math_test_precalculus_248,True,True,1,0,unknown stochastic counterfactual; replay does not infer a new sample
math_test_precalculus_252,True,True,1,0,unknown stochastic counterfactual; replay does not infer a new sample
math_test_precalculus_259,True,True,1,0,unknown stochastic counterfactual; replay does not infer a new sample
math_test_precalculus_264,True,True,1,0,unknown stochastic counterfactual; replay does not infer a new sample
math_test_precalculus_269,True,True,1,0,unknown stochastic counterfactual; replay does not infer a new sample
math_test_precalculus_282,True,True,1,0,unknown stochastic counterfactual; replay does not infer a new sample
math_test_precalculus_285,True,True,1,0,unknown stochastic counterfactual; replay does not infer a new sample
math_test_precalculus_29,True,True,1,0,unknown stochastic counterfactual; replay does not infer a new sample
math_test_precalculus_291,True,True,1,0,unknown stochastic counterfactual; replay does not infer a new sample
math_test_precalculus_292,True,True,1,0,unknown stochastic counterfactual; replay does not infer a new sample
math_test_precalculus_296,True,True,1,0,unknown stochastic counterfactual; replay does not infer a new sample
math_test_precalculus_309,True,True,1,0,unknown stochastic counterfactual; replay does not infer a new sample
math_test_precalculus_323,True,True,1,0,unknown stochastic counterfactual; replay does not infer a new sample
math_test_precalculus_328,True,True,1,0,unknown stochastic counterfactual; replay does not infer a new sample
math_test_precalculus_329,True,True,1,0,unknown stochastic counterfactual; replay does not infer a new sample
math_test_precalculus_331,True,True,1,0,unknown stochastic counterfactual; replay does not infer a new sample
math_test_precalculus_333,True,True,1,0,unknown stochastic counterfactual; replay does not infer a new sample
math_test_precalculus_335,True,True,1,0,unknown stochastic counterfactual; replay does not infer a new sample
math_test_precalculus_340,True,True,1,0,unknown stochastic counterfactual; replay does not infer a new sample
math_test_precalculus_349,True,True,1,0,unknown stochastic counterfactual; replay does not infer a new sample
math_test_precalculus_374,True,True,1,0,unknown stochastic counterfactual; replay does not infer a new sample
math_test_precalculus_382,True,True,1,0,unknown stochastic counterfactual; replay does not infer a new sample
math_test_precalculus_386,True,True,1,0,unknown stochastic counterfactual; replay does not infer a new sample
math_test_precalculus_394,True,True,1,0,unknown stochastic counterfactual; replay does not infer a new sample
math_test_precalculus_404,True,True,1,0,unknown stochastic counterfactual; replay does not infer a new sample
math_test_precalculus_41,True,True,1,0,unknown stochastic counterfactual; replay does not infer a new sample
math_test_precalculus_418,True,True,1,0,unknown stochastic counterfactual; replay does not infer a new sample
math_test_precalculus_439,True,True,1,0,unknown stochastic counterfactual; replay does not infer a new sample
math_test_precalculus_440,True,True,1,0,unknown stochastic counterfactual; replay does not infer a new sample
math_test_precalculus_452,True,True,1,0,unknown stochastic counterfactual; replay does not infer a new sample
math_test_precalculus_453,True,True,1,0,unknown stochastic counterfactual; replay does not infer a new sample
math_test_precalculus_479,True,True,1,0,unknown stochastic counterfactual; replay does not infer a new sample
math_test_precalculus_48,True,True,1,0,unknown stochastic counterfactual; replay does not infer a new sample
math_test_precalculus_497,True,True,1,0,unknown stochastic counterfactual; replay does not infer a new sample
math_test_precalculus_499,True,True,1,0,unknown stochastic counterfactual; replay does not infer a new sample
math_test_precalculus_512,True,True,1,0,unknown stochastic counterfactual; replay does not infer a new sample
math_test_precalculus_514,True,True,1,0,unknown stochastic counterfactual; replay does not infer a new sample
math_test_precalculus_524,True,True,1,0,unknown stochastic counterfactual; replay does not infer a new sample
math_test_precalculus_534,True,True,1,0,unknown stochastic counterfactual; replay does not infer a new sample
math_test_precalculus_62,True,True,1,0,unknown stochastic counterfactual; replay does not infer a new sample
math_test_precalculus_64,True,True,1,0,unknown stochastic counterfactual; replay does not infer a new sample
math_test_precalculus_69,True,True,1,0,unknown stochastic counterfactual; replay does not infer a new sample
math_test_precalculus_78,True,True,1,0,unknown stochastic counterfactual; replay does not infer a new sample
math_test_precalculus_85,True,True,1,0,unknown stochastic counterfactual; replay does not infer a new sample
math_test_precalculus_87,True,True,1,0,unknown stochastic counterfactual; replay does not infer a new sample
