task_id,left,right,left_math_correct,right_math_correct,difference,basis
math_test_algebra_1014,B2,B1,True,True,0,frozen_V3_plus_explicit_posthoc_exception_audit
math_test_algebra_1085,B2,B1,True,True,0,frozen_V3_plus_explicit_posthoc_exception_audit
math_test_algebra_625,B2,B1,True,True,0,frozen_V3_plus_explicit_posthoc_exception_audit
math_test_algebra_692,B2,B1,True,True,0,frozen_V3_plus_explicit_posthoc_exception_audit
math_test_algebra_769,B2,B1,True,True,0,frozen_V3_plus_explicit_posthoc_exception_audit
math_test_counting_probability_133,B2,B1,True,True,0,frozen_V3_plus_explicit_posthoc_exception_audit
math_test_counting_probability_243,B2,B1,True,True,0,frozen_V3_plus_explicit_posthoc_exception_audit
math_test_counting_probability_263,B2,B1,True,True,0,frozen_V3_plus_explicit_posthoc_exception_audit
math_test_counting_probability_403,B2,B1,True,True,0,frozen_V3_plus_explicit_posthoc_exception_audit
math_test_counting_probability_442,B2,B1,True,True,0,frozen_V3_plus_explicit_posthoc_exception_audit
math_test_counting_probability_70,B2,B1,True,True,0,frozen_V3_plus_explicit_posthoc_exception_audit
math_test_geometry_232,B2,B1,True,True,0,frozen_V3_plus_explicit_posthoc_exception_audit
math_test_geometry_272,B2,B1,True,True,0,frozen_V3_plus_explicit_posthoc_exception_audit
math_test_geometry_34,B2,B1,True,True,0,frozen_V3_plus_explicit_posthoc_exception_audit
math_test_geometry_442,B2,B1,True,True,0,frozen_V3_plus_explicit_posthoc_exception_audit
math_test_geometry_75,B2,B1,True,True,0,frozen_V3_plus_explicit_posthoc_exception_audit
math_test_geometry_78,B2,B1,True,True,0,frozen_V3_plus_explicit_posthoc_exception_audit
math_test_intermediate_algebra_349,B2,B1,True,True,0,frozen_V3_plus_explicit_posthoc_exception_audit
math_test_intermediate_algebra_502,B2,B1,True,True,0,frozen_V3_plus_explicit_posthoc_exception_audit
math_test_intermediate_algebra_507,B2,B1,True,True,0,frozen_V3_plus_explicit_posthoc_exception_audit
math_test_intermediate_algebra_613,B2,B1,True,True,0,frozen_V3_plus_explicit_posthoc_exception_audit
math_test_intermediate_algebra_652,B2,B1,True,True,0,frozen_V3_plus_explicit_posthoc_exception_audit
math_test_intermediate_algebra_712,B2,B1,True,True,0,frozen_V3_plus_explicit_posthoc_exception_audit
math_test_number_theory_114,B2,B1,True,True,0,frozen_V3_plus_explicit_posthoc_exception_audit
math_test_number_theory_119,B2,B1,True,True,0,frozen_V3_plus_explicit_posthoc_exception_audit
math_test_number_theory_161,B2,B1,True,True,0,frozen_V3_plus_explicit_posthoc_exception_audit
math_test_number_theory_206,B2,B1,True,True,0,frozen_V3_plus_explicit_posthoc_exception_audit
math_test_number_theory_426,B2,B1,True,True,0,frozen_V3_plus_explicit_posthoc_exception_audit
math_test_prealgebra_367,B2,B1,True,True,0,frozen_V3_plus_explicit_posthoc_exception_audit
math_test_prealgebra_370,B2,B1,True,True,0,frozen_V3_plus_explicit_posthoc_exception_audit
math_test_prealgebra_545,B2,B1,True,True,0,frozen_V3_plus_explicit_posthoc_exception_audit
math_test_prealgebra_651,B2,B1,True,True,0,frozen_V3_plus_explicit_posthoc_exception_audit
math_test_prealgebra_66,B2,B1,True,True,0,frozen_V3_plus_explicit_posthoc_exception_audit
math_test_prealgebra_862,B2,B1,True,True,0,frozen_V3_plus_explicit_posthoc_exception_audit
math_test_precalculus_12,B2,B1,True,True,0,frozen_V3_plus_explicit_posthoc_exception_audit
math_test_precalculus_225,B2,B1,True,True,0,frozen_V3_plus_explicit_posthoc_exception_audit
math_test_precalculus_27,B2,B1,True,True,0,frozen_V3_plus_explicit_posthoc_exception_audit
math_test_precalculus_43,B2,B1,True,True,0,frozen_V3_plus_explicit_posthoc_exception_audit
math_test_precalculus_47,B2,B1,True,True,0,frozen_V3_plus_explicit_posthoc_exception_audit
math_test_precalculus_9,B2,B1,True,True,0,frozen_V3_plus_explicit_posthoc_exception_audit
math_test_algebra_1014,B2,B0,True,True,0,frozen_V3_plus_explicit_posthoc_exception_audit
math_test_algebra_1085,B2,B0,True,True,0,frozen_V3_plus_explicit_posthoc_exception_audit
math_test_algebra_625,B2,B0,True,True,0,frozen_V3_plus_explicit_posthoc_exception_audit
math_test_algebra_692,B2,B0,True,True,0,frozen_V3_plus_explicit_posthoc_exception_audit
math_test_algebra_769,B2,B0,True,True,0,frozen_V3_plus_explicit_posthoc_exception_audit
math_test_counting_probability_133,B2,B0,True,True,0,frozen_V3_plus_explicit_posthoc_exception_audit
math_test_counting_probability_243,B2,B0,True,True,0,frozen_V3_plus_explicit_posthoc_exception_audit
math_test_counting_probability_263,B2,B0,True,True,0,frozen_V3_plus_explicit_posthoc_exception_audit
math_test_counting_probability_403,B2,B0,True,True,0,frozen_V3_plus_explicit_posthoc_exception_audit
math_test_counting_probability_442,B2,B0,True,True,0,frozen_V3_plus_explicit_posthoc_exception_audit
math_test_counting_probability_70,B2,B0,True,True,0,frozen_V3_plus_explicit_posthoc_exception_audit
math_test_geometry_232,B2,B0,True,False,1,frozen_V3_plus_explicit_posthoc_exception_audit
math_test_geometry_272,B2,B0,True,True,0,frozen_V3_plus_explicit_posthoc_exception_audit
math_test_geometry_34,B2,B0,True,True,0,frozen_V3_plus_explicit_posthoc_exception_audit
math_test_geometry_442,B2,B0,True,True,0,frozen_V3_plus_explicit_posthoc_exception_audit
math_test_geometry_75,B2,B0,True,False,1,frozen_V3_plus_explicit_posthoc_exception_audit
math_test_geometry_78,B2,B0,True,True,0,frozen_V3_plus_explicit_posthoc_exception_audit
math_test_intermediate_algebra_349,B2,B0,True,True,0,frozen_V3_plus_explicit_posthoc_exception_audit
math_test_intermediate_algebra_502,B2,B0,True,True,0,frozen_V3_plus_explicit_posthoc_exception_audit
math_test_intermediate_algebra_507,B2,B0,True,True,0,frozen_V3_plus_explicit_posthoc_exception_audit
math_test_intermediate_algebra_613,B2,B0,True,True,0,frozen_V3_plus_explicit_posthoc_exception_audit
math_test_intermediate_algebra_652,B2,B0,True,True,0,frozen_V3_plus_explicit_posthoc_exception_audit
math_test_intermediate_algebra_712,B2,B0,True,True,0,frozen_V3_plus_explicit_posthoc_exception_audit
math_test_number_theory_114,B2,B0,True,True,0,frozen_V3_plus_explicit_posthoc_exception_audit
math_test_number_theory_119,B2,B0,True,True,0,frozen_V3_plus_explicit_posthoc_exception_audit
math_test_number_theory_161,B2,B0,True,True,0,frozen_V3_plus_explicit_posthoc_exception_audit
math_test_number_theory_206,B2,B0,True,True,0,frozen_V3_plus_explicit_posthoc_exception_audit
math_test_number_theory_426,B2,B0,True,True,0,frozen_V3_plus_explicit_posthoc_exception_audit
math_test_prealgebra_367,B2,B0,True,True,0,frozen_V3_plus_explicit_posthoc_exception_audit
math_test_prealgebra_370,B2,B0,True,True,0,frozen_V3_plus_explicit_posthoc_exception_audit
math_test_prealgebra_545,B2,B0,True,True,0,frozen_V3_plus_explicit_posthoc_exception_audit
math_test_prealgebra_651,B2,B0,True,True,0,frozen_V3_plus_explicit_posthoc_exception_audit
math_test_prealgebra_66,B2,B0,True,True,0,frozen_V3_plus_explicit_posthoc_exception_audit
math_test_prealgebra_862,B2,B0,True,True,0,frozen_V3_plus_explicit_posthoc_exception_audit
math_test_precalculus_12,B2,B0,True,True,0,frozen_V3_plus_explicit_posthoc_exception_audit
math_test_precalculus_225,B2,B0,True,True,0,frozen_V3_plus_explicit_posthoc_exception_audit
math_test_precalculus_27,B2,B0,True,True,0,frozen_V3_plus_explicit_posthoc_exception_audit
math_test_precalculus_43,B2,B0,True,True,0,frozen_V3_plus_explicit_posthoc_exception_audit
math_test_precalculus_47,B2,B0,True,True,0,frozen_V3_plus_explicit_posthoc_exception_audit
math_test_precalculus_9,B2,B0,True,True,0,frozen_V3_plus_explicit_posthoc_exception_audit
math_test_algebra_1014,B2+a1,B2,True,True,0,frozen_V3_plus_explicit_posthoc_exception_audit
math_test_algebra_1085,B2+a1,B2,True,True,0,frozen_V3_plus_explicit_posthoc_exception_audit
math_test_algebra_625,B2+a1,B2,True,True,0,frozen_V3_plus_explicit_posthoc_exception_audit
math_test_algebra_692,B2+a1,B2,True,True,0,frozen_V3_plus_explicit_posthoc_exception_audit
math_test_algebra_769,B2+a1,B2,True,True,0,frozen_V3_plus_explicit_posthoc_exception_audit
math_test_counting_probability_133,B2+a1,B2,True,True,0,frozen_V3_plus_explicit_posthoc_exception_audit
math_test_counting_probability_243,B2+a1,B2,True,True,0,frozen_V3_plus_explicit_posthoc_exception_audit
math_test_counting_probability_263,B2+a1,B2,True,True,0,frozen_V3_plus_explicit_posthoc_exception_audit
math_test_counting_probability_403,B2+a1,B2,True,True,0,frozen_V3_plus_explicit_posthoc_exception_audit
math_test_counting_probability_442,B2+a1,B2,True,True,0,frozen_V3_plus_explicit_posthoc_exception_audit
math_test_counting_probability_70,B2+a1,B2,True,True,0,frozen_V3_plus_explicit_posthoc_exception_audit
math_test_geometry_232,B2+a1,B2,True,True,0,frozen_V3_plus_explicit_posthoc_exception_audit
math_test_geometry_272,B2+a1,B2,True,True,0,frozen_V3_plus_explicit_posthoc_exception_audit
math_test_geometry_34,B2+a1,B2,True,True,0,frozen_V3_plus_explicit_posthoc_exception_audit
math_test_geometry_442,B2+a1,B2,True,True,0,frozen_V3_plus_explicit_posthoc_exception_audit
math_test_geometry_75,B2+a1,B2,True,True,0,frozen_V3_plus_explicit_posthoc_exception_audit
math_test_geometry_78,B2+a1,B2,True,True,0,frozen_V3_plus_explicit_posthoc_exception_audit
math_test_intermediate_algebra_349,B2+a1,B2,True,True,0,frozen_V3_plus_explicit_posthoc_exception_audit
math_test_intermediate_algebra_502,B2+a1,B2,True,True,0,frozen_V3_plus_explicit_posthoc_exception_audit
math_test_intermediate_algebra_507,B2+a1,B2,True,True,0,frozen_V3_plus_explicit_posthoc_exception_audit
math_test_intermediate_algebra_613,B2+a1,B2,True,True,0,frozen_V3_plus_explicit_posthoc_exception_audit
math_test_intermediate_algebra_652,B2+a1,B2,True,True,0,frozen_V3_plus_explicit_posthoc_exception_audit
math_test_intermediate_algebra_712,B2+a1,B2,True,True,0,frozen_V3_plus_explicit_posthoc_exception_audit
math_test_number_theory_114,B2+a1,B2,True,True,0,frozen_V3_plus_explicit_posthoc_exception_audit
math_test_number_theory_119,B2+a1,B2,True,True,0,frozen_V3_plus_explicit_posthoc_exception_audit
math_test_number_theory_161,B2+a1,B2,True,True,0,frozen_V3_plus_explicit_posthoc_exception_audit
math_test_number_theory_206,B2+a1,B2,True,True,0,frozen_V3_plus_explicit_posthoc_exception_audit
math_test_number_theory_426,B2+a1,B2,True,True,0,frozen_V3_plus_explicit_posthoc_exception_audit
math_test_prealgebra_367,B2+a1,B2,True,True,0,frozen_V3_plus_explicit_posthoc_exception_audit
math_test_prealgebra_370,B2+a1,B2,True,True,0,frozen_V3_plus_explicit_posthoc_exception_audit
math_test_prealgebra_545,B2+a1,B2,True,True,0,frozen_V3_plus_explicit_posthoc_exception_audit
math_test_prealgebra_651,B2+a1,B2,True,True,0,frozen_V3_plus_explicit_posthoc_exception_audit
math_test_prealgebra_66,B2+a1,B2,True,True,0,frozen_V3_plus_explicit_posthoc_exception_audit
math_test_prealgebra_862,B2+a1,B2,True,True,0,frozen_V3_plus_explicit_posthoc_exception_audit
math_test_precalculus_12,B2+a1,B2,True,True,0,frozen_V3_plus_explicit_posthoc_exception_audit
math_test_precalculus_225,B2+a1,B2,True,True,0,frozen_V3_plus_explicit_posthoc_exception_audit
math_test_precalculus_27,B2+a1,B2,True,True,0,frozen_V3_plus_explicit_posthoc_exception_audit
math_test_precalculus_43,B2+a1,B2,True,True,0,frozen_V3_plus_explicit_posthoc_exception_audit
math_test_precalculus_47,B2+a1,B2,True,True,0,frozen_V3_plus_explicit_posthoc_exception_audit
math_test_precalculus_9,B2+a1,B2,True,True,0,frozen_V3_plus_explicit_posthoc_exception_audit
math_test_algebra_1014,B2+a2,B2,True,True,0,frozen_V3_plus_explicit_posthoc_exception_audit
math_test_algebra_1085,B2+a2,B2,True,True,0,frozen_V3_plus_explicit_posthoc_exception_audit
math_test_algebra_625,B2+a2,B2,True,True,0,frozen_V3_plus_explicit_posthoc_exception_audit
math_test_algebra_692,B2+a2,B2,True,True,0,frozen_V3_plus_explicit_posthoc_exception_audit
math_test_algebra_769,B2+a2,B2,True,True,0,frozen_V3_plus_explicit_posthoc_exception_audit
math_test_counting_probability_133,B2+a2,B2,True,True,0,frozen_V3_plus_explicit_posthoc_exception_audit
math_test_counting_probability_243,B2+a2,B2,True,True,0,frozen_V3_plus_explicit_posthoc_exception_audit
math_test_counting_probability_263,B2+a2,B2,True,True,0,frozen_V3_plus_explicit_posthoc_exception_audit
math_test_counting_probability_403,B2+a2,B2,True,True,0,frozen_V3_plus_explicit_posthoc_exception_audit
math_test_counting_probability_442,B2+a2,B2,True,True,0,frozen_V3_plus_explicit_posthoc_exception_audit
math_test_counting_probability_70,B2+a2,B2,True,True,0,frozen_V3_plus_explicit_posthoc_exception_audit
math_test_geometry_232,B2+a2,B2,True,True,0,frozen_V3_plus_explicit_posthoc_exception_audit
math_test_geometry_272,B2+a2,B2,True,True,0,frozen_V3_plus_explicit_posthoc_exception_audit
math_test_geometry_34,B2+a2,B2,True,True,0,frozen_V3_plus_explicit_posthoc_exception_audit
math_test_geometry_442,B2+a2,B2,True,True,0,frozen_V3_plus_explicit_posthoc_exception_audit
math_test_geometry_75,B2+a2,B2,True,True,0,frozen_V3_plus_explicit_posthoc_exception_audit
math_test_geometry_78,B2+a2,B2,True,True,0,frozen_V3_plus_explicit_posthoc_exception_audit
math_test_intermediate_algebra_349,B2+a2,B2,True,True,0,frozen_V3_plus_explicit_posthoc_exception_audit
math_test_intermediate_algebra_502,B2+a2,B2,True,True,0,frozen_V3_plus_explicit_posthoc_exception_audit
math_test_intermediate_algebra_507,B2+a2,B2,True,True,0,frozen_V3_plus_explicit_posthoc_exception_audit
math_test_intermediate_algebra_613,B2+a2,B2,True,True,0,frozen_V3_plus_explicit_posthoc_exception_audit
math_test_intermediate_algebra_652,B2+a2,B2,True,True,0,frozen_V3_plus_explicit_posthoc_exception_audit
math_test_intermediate_algebra_712,B2+a2,B2,True,True,0,frozen_V3_plus_explicit_posthoc_exception_audit
math_test_number_theory_114,B2+a2,B2,True,True,0,frozen_V3_plus_explicit_posthoc_exception_audit
math_test_number_theory_119,B2+a2,B2,True,True,0,frozen_V3_plus_explicit_posthoc_exception_audit
math_test_number_theory_161,B2+a2,B2,True,True,0,frozen_V3_plus_explicit_posthoc_exception_audit
math_test_number_theory_206,B2+a2,B2,True,True,0,frozen_V3_plus_explicit_posthoc_exception_audit
math_test_number_theory_426,B2+a2,B2,True,True,0,frozen_V3_plus_explicit_posthoc_exception_audit
math_test_prealgebra_367,B2+a2,B2,True,True,0,frozen_V3_plus_explicit_posthoc_exception_audit
math_test_prealgebra_370,B2+a2,B2,True,True,0,frozen_V3_plus_explicit_posthoc_exception_audit
math_test_prealgebra_545,B2+a2,B2,True,True,0,frozen_V3_plus_explicit_posthoc_exception_audit
math_test_prealgebra_651,B2+a2,B2,True,True,0,frozen_V3_plus_explicit_posthoc_exception_audit
math_test_prealgebra_66,B2+a2,B2,True,True,0,frozen_V3_plus_explicit_posthoc_exception_audit
math_test_prealgebra_862,B2+a2,B2,True,True,0,frozen_V3_plus_explicit_posthoc_exception_audit
math_test_precalculus_12,B2+a2,B2,True,True,0,frozen_V3_plus_explicit_posthoc_exception_audit
math_test_precalculus_225,B2+a2,B2,True,True,0,frozen_V3_plus_explicit_posthoc_exception_audit
math_test_precalculus_27,B2+a2,B2,True,True,0,frozen_V3_plus_explicit_posthoc_exception_audit
math_test_precalculus_43,B2+a2,B2,True,True,0,frozen_V3_plus_explicit_posthoc_exception_audit
math_test_precalculus_47,B2+a2,B2,True,True,0,frozen_V3_plus_explicit_posthoc_exception_audit
math_test_precalculus_9,B2+a2,B2,True,True,0,frozen_V3_plus_explicit_posthoc_exception_audit
math_test_algebra_1014,B2+generic,B2,True,True,0,frozen_V3_plus_explicit_posthoc_exception_audit
math_test_algebra_1085,B2+generic,B2,True,True,0,frozen_V3_plus_explicit_posthoc_exception_audit
math_test_algebra_625,B2+generic,B2,True,True,0,frozen_V3_plus_explicit_posthoc_exception_audit
math_test_algebra_692,B2+generic,B2,True,True,0,frozen_V3_plus_explicit_posthoc_exception_audit
math_test_algebra_769,B2+generic,B2,True,True,0,frozen_V3_plus_explicit_posthoc_exception_audit
math_test_counting_probability_133,B2+generic,B2,True,True,0,frozen_V3_plus_explicit_posthoc_exception_audit
math_test_counting_probability_243,B2+generic,B2,True,True,0,frozen_V3_plus_explicit_posthoc_exception_audit
math_test_counting_probability_263,B2+generic,B2,True,True,0,frozen_V3_plus_explicit_posthoc_exception_audit
math_test_counting_probability_403,B2+generic,B2,True,True,0,frozen_V3_plus_explicit_posthoc_exception_audit
math_test_counting_probability_442,B2+generic,B2,True,True,0,frozen_V3_plus_explicit_posthoc_exception_audit
math_test_counting_probability_70,B2+generic,B2,True,True,0,frozen_V3_plus_explicit_posthoc_exception_audit
math_test_geometry_232,B2+generic,B2,False,True,-1,frozen_V3_plus_explicit_posthoc_exception_audit
math_test_geometry_272,B2+generic,B2,True,True,0,frozen_V3_plus_explicit_posthoc_exception_audit
math_test_geometry_34,B2+generic,B2,True,True,0,frozen_V3_plus_explicit_posthoc_exception_audit
math_test_geometry_442,B2+generic,B2,True,True,0,frozen_V3_plus_explicit_posthoc_exception_audit
math_test_geometry_75,B2+generic,B2,False,True,-1,frozen_V3_plus_explicit_posthoc_exception_audit
math_test_geometry_78,B2+generic,B2,True,True,0,frozen_V3_plus_explicit_posthoc_exception_audit
math_test_intermediate_algebra_349,B2+generic,B2,True,True,0,frozen_V3_plus_explicit_posthoc_exception_audit
math_test_intermediate_algebra_502,B2+generic,B2,True,True,0,frozen_V3_plus_explicit_posthoc_exception_audit
math_test_intermediate_algebra_507,B2+generic,B2,True,True,0,frozen_V3_plus_explicit_posthoc_exception_audit
math_test_intermediate_algebra_613,B2+generic,B2,True,True,0,frozen_V3_plus_explicit_posthoc_exception_audit
math_test_intermediate_algebra_652,B2+generic,B2,True,True,0,frozen_V3_plus_explicit_posthoc_exception_audit
math_test_intermediate_algebra_712,B2+generic,B2,True,True,0,frozen_V3_plus_explicit_posthoc_exception_audit
math_test_number_theory_114,B2+generic,B2,True,True,0,frozen_V3_plus_explicit_posthoc_exception_audit
math_test_number_theory_119,B2+generic,B2,True,True,0,frozen_V3_plus_explicit_posthoc_exception_audit
math_test_number_theory_161,B2+generic,B2,True,True,0,frozen_V3_plus_explicit_posthoc_exception_audit
math_test_number_theory_206,B2+generic,B2,True,True,0,frozen_V3_plus_explicit_posthoc_exception_audit
math_test_number_theory_426,B2+generic,B2,True,True,0,frozen_V3_plus_explicit_posthoc_exception_audit
math_test_prealgebra_367,B2+generic,B2,True,True,0,frozen_V3_plus_explicit_posthoc_exception_audit
math_test_prealgebra_370,B2+generic,B2,True,True,0,frozen_V3_plus_explicit_posthoc_exception_audit
math_test_prealgebra_545,B2+generic,B2,True,True,0,frozen_V3_plus_explicit_posthoc_exception_audit
math_test_prealgebra_651,B2+generic,B2,True,True,0,frozen_V3_plus_explicit_posthoc_exception_audit
math_test_prealgebra_66,B2+generic,B2,True,True,0,frozen_V3_plus_explicit_posthoc_exception_audit
math_test_prealgebra_862,B2+generic,B2,True,True,0,frozen_V3_plus_explicit_posthoc_exception_audit
math_test_precalculus_12,B2+generic,B2,True,True,0,frozen_V3_plus_explicit_posthoc_exception_audit
math_test_precalculus_225,B2+generic,B2,True,True,0,frozen_V3_plus_explicit_posthoc_exception_audit
math_test_precalculus_27,B2+generic,B2,True,True,0,frozen_V3_plus_explicit_posthoc_exception_audit
math_test_precalculus_43,B2+generic,B2,True,True,0,frozen_V3_plus_explicit_posthoc_exception_audit
math_test_precalculus_47,B2+generic,B2,False,True,-1,frozen_V3_plus_explicit_posthoc_exception_audit
math_test_precalculus_9,B2+generic,B2,True,True,0,frozen_V3_plus_explicit_posthoc_exception_audit
