task_id,left_method,right_method,left_status,right_status,left_confirmed_correct,right_confirmed_correct,net_confirmed_correct,left_tokens,right_tokens,token_difference,left_calls,right_calls,unknown_in_pair
math_test_algebra_1014,B2,B0,correct,correct,True,True,0,348,328,20,1,1,False
math_test_algebra_1085,B2,B0,correct,correct,True,True,0,208,203,5,1,1,False
math_test_algebra_625,B2,B0,correct,correct,True,True,0,501,701,-200,1,1,False
math_test_algebra_692,B2,B0,correct,correct,True,True,0,493,513,-20,1,1,False
math_test_algebra_769,B2,B0,correct,correct,True,True,0,518,551,-33,1,1,False
math_test_counting_probability_133,B2,B0,correct,correct,True,True,0,581,542,39,1,1,False
math_test_counting_probability_243,B2,B0,correct,correct,True,True,0,572,592,-20,1,1,False
math_test_counting_probability_263,B2,B0,correct,correct,True,True,0,2864,2039,825,1,1,False
math_test_counting_probability_403,B2,B0,correct,correct,True,True,0,722,567,155,1,1,False
math_test_counting_probability_442,B2,B0,correct,correct,True,True,0,3073,2339,734,1,1,False
math_test_counting_probability_70,B2,B0,correct,correct,True,True,0,604,610,-6,1,1,False
math_test_geometry_232,B2,B0,correct,prediction_incomplete,True,False,1,14113,4337,9776,1,1,False
math_test_geometry_272,B2,B0,correct,correct,True,True,0,860,957,-97,1,1,False
math_test_geometry_34,B2,B0,correct,correct,True,True,0,2367,1941,426,1,1,False
math_test_geometry_442,B2,B0,correct,correct,True,True,0,564,484,80,1,1,False
math_test_geometry_75,B2,B0,correct,prediction_incomplete,True,False,1,9285,4434,4851,1,1,False
math_test_geometry_78,B2,B0,correct,correct,True,True,0,296,274,22,1,1,False
math_test_intermediate_algebra_349,B2,B0,correct,correct,True,True,0,11515,1927,9588,1,1,False
math_test_intermediate_algebra_502,B2,B0,correct,correct,True,True,0,731,601,130,1,1,False
math_test_intermediate_algebra_507,B2,B0,correct,correct,True,True,0,542,456,86,1,1,False
math_test_intermediate_algebra_613,B2,B0,correct,correct,True,True,0,429,579,-150,1,1,False
math_test_intermediate_algebra_652,B2,B0,correct,correct,True,True,0,658,900,-242,1,1,False
math_test_intermediate_algebra_712,B2,B0,correct,correct,True,True,0,276,237,39,1,1,False
math_test_number_theory_114,B2,B0,correct,correct,True,True,0,1178,1036,142,1,1,False
math_test_number_theory_119,B2,B0,correct,correct,True,True,0,228,284,-56,1,1,False
math_test_number_theory_161,B2,B0,correct,correct,True,True,0,1122,1963,-841,1,1,False
math_test_number_theory_206,B2,B0,correct,correct,True,True,0,494,542,-48,1,1,False
math_test_number_theory_426,B2,B0,correct,correct,True,True,0,356,491,-135,1,1,False
math_test_prealgebra_367,B2,B0,correct,correct,True,True,0,488,346,142,1,1,False
math_test_prealgebra_370,B2,B0,correct,correct,True,True,0,489,536,-47,1,1,False
math_test_prealgebra_545,B2,B0,correct,correct,True,True,0,1162,1171,-9,1,1,False
math_test_prealgebra_651,B2,B0,correct,correct,True,True,0,251,196,55,1,1,False
math_test_prealgebra_66,B2,B0,incorrect,incorrect,False,False,0,404,339,65,1,1,False
math_test_prealgebra_862,B2,B0,correct,correct,True,True,0,363,314,49,1,1,False
math_test_precalculus_12,B2,B0,correct,correct,True,True,0,788,1220,-432,1,1,False
math_test_precalculus_225,B2,B0,correct,correct,True,True,0,1776,2887,-1111,1,1,False
math_test_precalculus_27,B2,B0,correct,correct,True,True,0,575,678,-103,1,1,False
math_test_precalculus_43,B2,B0,correct,correct,True,True,0,3414,2063,1351,1,1,False
math_test_precalculus_47,B2,B0,unknown,correct,False,True,-1,2150,1669,481,1,1,True
math_test_precalculus_9,B2,B0,correct,correct,True,True,0,1758,1673,85,1,1,False
math_test_algebra_1014,B2,B1,correct,correct,True,True,0,348,328,20,1,1,False
math_test_algebra_1085,B2,B1,correct,correct,True,True,0,208,203,5,1,1,False
math_test_algebra_625,B2,B1,correct,correct,True,True,0,501,701,-200,1,1,False
math_test_algebra_692,B2,B1,correct,correct,True,True,0,493,513,-20,1,1,False
math_test_algebra_769,B2,B1,correct,correct,True,True,0,518,551,-33,1,1,False
math_test_counting_probability_133,B2,B1,correct,correct,True,True,0,581,542,39,1,1,False
math_test_counting_probability_243,B2,B1,correct,correct,True,True,0,572,592,-20,1,1,False
math_test_counting_probability_263,B2,B1,correct,correct,True,True,0,2864,2039,825,1,1,False
math_test_counting_probability_403,B2,B1,correct,correct,True,True,0,722,567,155,1,1,False
math_test_counting_probability_442,B2,B1,correct,correct,True,True,0,3073,2339,734,1,1,False
math_test_counting_probability_70,B2,B1,correct,correct,True,True,0,604,610,-6,1,1,False
math_test_geometry_232,B2,B1,correct,correct,True,True,0,14113,25193,-11080,1,3,False
math_test_geometry_272,B2,B1,correct,correct,True,True,0,860,957,-97,1,1,False
math_test_geometry_34,B2,B1,correct,correct,True,True,0,2367,1941,426,1,1,False
math_test_geometry_442,B2,B1,correct,correct,True,True,0,564,484,80,1,1,False
math_test_geometry_75,B2,B1,correct,correct,True,True,0,9285,10635,-1350,1,2,False
math_test_geometry_78,B2,B1,correct,correct,True,True,0,296,274,22,1,1,False
math_test_intermediate_algebra_349,B2,B1,correct,correct,True,True,0,11515,1927,9588,1,1,False
math_test_intermediate_algebra_502,B2,B1,correct,correct,True,True,0,731,601,130,1,1,False
math_test_intermediate_algebra_507,B2,B1,correct,correct,True,True,0,542,456,86,1,1,False
math_test_intermediate_algebra_613,B2,B1,correct,correct,True,True,0,429,579,-150,1,1,False
math_test_intermediate_algebra_652,B2,B1,correct,correct,True,True,0,658,900,-242,1,1,False
math_test_intermediate_algebra_712,B2,B1,correct,correct,True,True,0,276,237,39,1,1,False
math_test_number_theory_114,B2,B1,correct,correct,True,True,0,1178,1036,142,1,1,False
math_test_number_theory_119,B2,B1,correct,correct,True,True,0,228,284,-56,1,1,False
math_test_number_theory_161,B2,B1,correct,correct,True,True,0,1122,1963,-841,1,1,False
math_test_number_theory_206,B2,B1,correct,correct,True,True,0,494,542,-48,1,1,False
math_test_number_theory_426,B2,B1,correct,correct,True,True,0,356,491,-135,1,1,False
math_test_prealgebra_367,B2,B1,correct,correct,True,True,0,488,346,142,1,1,False
math_test_prealgebra_370,B2,B1,correct,correct,True,True,0,489,536,-47,1,1,False
math_test_prealgebra_545,B2,B1,correct,correct,True,True,0,1162,1171,-9,1,1,False
math_test_prealgebra_651,B2,B1,correct,correct,True,True,0,251,196,55,1,1,False
math_test_prealgebra_66,B2,B1,incorrect,incorrect,False,False,0,404,339,65,1,1,False
math_test_prealgebra_862,B2,B1,correct,correct,True,True,0,363,314,49,1,1,False
math_test_precalculus_12,B2,B1,correct,correct,True,True,0,788,1220,-432,1,1,False
math_test_precalculus_225,B2,B1,correct,correct,True,True,0,1776,2887,-1111,1,1,False
math_test_precalculus_27,B2,B1,correct,correct,True,True,0,575,678,-103,1,1,False
math_test_precalculus_43,B2,B1,correct,correct,True,True,0,3414,2063,1351,1,1,False
math_test_precalculus_47,B2,B1,unknown,correct,False,True,-1,2150,1669,481,1,1,True
math_test_precalculus_9,B2,B1,correct,correct,True,True,0,1758,1673,85,1,1,False
math_test_algebra_1014,B2+a1,B2,correct,correct,True,True,0,348,348,0,1,1,False
math_test_algebra_1085,B2+a1,B2,correct,correct,True,True,0,208,208,0,1,1,False
math_test_algebra_625,B2+a1,B2,correct,correct,True,True,0,501,501,0,1,1,False
math_test_algebra_692,B2+a1,B2,correct,correct,True,True,0,493,493,0,1,1,False
math_test_algebra_769,B2+a1,B2,correct,correct,True,True,0,518,518,0,1,1,False
math_test_counting_probability_133,B2+a1,B2,correct,correct,True,True,0,581,581,0,1,1,False
math_test_counting_probability_243,B2+a1,B2,correct,correct,True,True,0,572,572,0,1,1,False
math_test_counting_probability_263,B2+a1,B2,correct,correct,True,True,0,2864,2864,0,1,1,False
math_test_counting_probability_403,B2+a1,B2,correct,correct,True,True,0,722,722,0,1,1,False
math_test_counting_probability_442,B2+a1,B2,correct,correct,True,True,0,3073,3073,0,1,1,False
math_test_counting_probability_70,B2+a1,B2,correct,correct,True,True,0,604,604,0,1,1,False
math_test_geometry_232,B2+a1,B2,correct,correct,True,True,0,14113,14113,0,1,1,False
math_test_geometry_272,B2+a1,B2,correct,correct,True,True,0,860,860,0,1,1,False
math_test_geometry_34,B2+a1,B2,correct,correct,True,True,0,2367,2367,0,1,1,False
math_test_geometry_442,B2+a1,B2,correct,correct,True,True,0,564,564,0,1,1,False
math_test_geometry_75,B2+a1,B2,correct,correct,True,True,0,9285,9285,0,1,1,False
math_test_geometry_78,B2+a1,B2,correct,correct,True,True,0,296,296,0,1,1,False
math_test_intermediate_algebra_349,B2+a1,B2,correct,correct,True,True,0,11515,11515,0,1,1,False
math_test_intermediate_algebra_502,B2+a1,B2,correct,correct,True,True,0,731,731,0,1,1,False
math_test_intermediate_algebra_507,B2+a1,B2,correct,correct,True,True,0,542,542,0,1,1,False
math_test_intermediate_algebra_613,B2+a1,B2,correct,correct,True,True,0,429,429,0,1,1,False
math_test_intermediate_algebra_652,B2+a1,B2,correct,correct,True,True,0,658,658,0,1,1,False
math_test_intermediate_algebra_712,B2+a1,B2,correct,correct,True,True,0,276,276,0,1,1,False
math_test_number_theory_114,B2+a1,B2,correct,correct,True,True,0,1178,1178,0,1,1,False
math_test_number_theory_119,B2+a1,B2,correct,correct,True,True,0,228,228,0,1,1,False
math_test_number_theory_161,B2+a1,B2,correct,correct,True,True,0,1122,1122,0,1,1,False
math_test_number_theory_206,B2+a1,B2,correct,correct,True,True,0,494,494,0,1,1,False
math_test_number_theory_426,B2+a1,B2,correct,correct,True,True,0,356,356,0,1,1,False
math_test_prealgebra_367,B2+a1,B2,correct,correct,True,True,0,488,488,0,1,1,False
math_test_prealgebra_370,B2+a1,B2,correct,correct,True,True,0,489,489,0,1,1,False
math_test_prealgebra_545,B2+a1,B2,correct,correct,True,True,0,1162,1162,0,1,1,False
math_test_prealgebra_651,B2+a1,B2,correct,correct,True,True,0,251,251,0,1,1,False
math_test_prealgebra_66,B2+a1,B2,incorrect,incorrect,False,False,0,404,404,0,1,1,False
math_test_prealgebra_862,B2+a1,B2,correct,correct,True,True,0,363,363,0,1,1,False
math_test_precalculus_12,B2+a1,B2,correct,correct,True,True,0,788,788,0,1,1,False
math_test_precalculus_225,B2+a1,B2,correct,correct,True,True,0,1776,1776,0,1,1,False
math_test_precalculus_27,B2+a1,B2,correct,correct,True,True,0,575,575,0,1,1,False
math_test_precalculus_43,B2+a1,B2,correct,correct,True,True,0,3414,3414,0,1,1,False
math_test_precalculus_47,B2+a1,B2,unknown,unknown,False,False,0,2150,2150,0,1,1,True
math_test_precalculus_9,B2+a1,B2,correct,correct,True,True,0,1758,1758,0,1,1,False
math_test_algebra_1014,B2+a2,B2,correct,correct,True,True,0,348,348,0,1,1,False
math_test_algebra_1085,B2+a2,B2,correct,correct,True,True,0,208,208,0,1,1,False
math_test_algebra_625,B2+a2,B2,correct,correct,True,True,0,501,501,0,1,1,False
math_test_algebra_692,B2+a2,B2,correct,correct,True,True,0,493,493,0,1,1,False
math_test_algebra_769,B2+a2,B2,correct,correct,True,True,0,518,518,0,1,1,False
math_test_counting_probability_133,B2+a2,B2,correct,correct,True,True,0,581,581,0,1,1,False
math_test_counting_probability_243,B2+a2,B2,correct,correct,True,True,0,572,572,0,1,1,False
math_test_counting_probability_263,B2+a2,B2,correct,correct,True,True,0,2864,2864,0,1,1,False
math_test_counting_probability_403,B2+a2,B2,correct,correct,True,True,0,722,722,0,1,1,False
math_test_counting_probability_442,B2+a2,B2,correct,correct,True,True,0,3073,3073,0,1,1,False
math_test_counting_probability_70,B2+a2,B2,correct,correct,True,True,0,604,604,0,1,1,False
math_test_geometry_232,B2+a2,B2,correct,correct,True,True,0,14113,14113,0,1,1,False
math_test_geometry_272,B2+a2,B2,correct,correct,True,True,0,860,860,0,1,1,False
math_test_geometry_34,B2+a2,B2,correct,correct,True,True,0,2367,2367,0,1,1,False
math_test_geometry_442,B2+a2,B2,correct,correct,True,True,0,564,564,0,1,1,False
math_test_geometry_75,B2+a2,B2,correct,correct,True,True,0,9285,9285,0,1,1,False
math_test_geometry_78,B2+a2,B2,correct,correct,True,True,0,296,296,0,1,1,False
math_test_intermediate_algebra_349,B2+a2,B2,correct,correct,True,True,0,11515,11515,0,1,1,False
math_test_intermediate_algebra_502,B2+a2,B2,correct,correct,True,True,0,731,731,0,1,1,False
math_test_intermediate_algebra_507,B2+a2,B2,correct,correct,True,True,0,542,542,0,1,1,False
math_test_intermediate_algebra_613,B2+a2,B2,correct,correct,True,True,0,429,429,0,1,1,False
math_test_intermediate_algebra_652,B2+a2,B2,correct,correct,True,True,0,658,658,0,1,1,False
math_test_intermediate_algebra_712,B2+a2,B2,correct,correct,True,True,0,276,276,0,1,1,False
math_test_number_theory_114,B2+a2,B2,correct,correct,True,True,0,1178,1178,0,1,1,False
math_test_number_theory_119,B2+a2,B2,correct,correct,True,True,0,228,228,0,1,1,False
math_test_number_theory_161,B2+a2,B2,correct,correct,True,True,0,1122,1122,0,1,1,False
math_test_number_theory_206,B2+a2,B2,correct,correct,True,True,0,494,494,0,1,1,False
math_test_number_theory_426,B2+a2,B2,correct,correct,True,True,0,356,356,0,1,1,False
math_test_prealgebra_367,B2+a2,B2,correct,correct,True,True,0,488,488,0,1,1,False
math_test_prealgebra_370,B2+a2,B2,correct,correct,True,True,0,489,489,0,1,1,False
math_test_prealgebra_545,B2+a2,B2,correct,correct,True,True,0,1162,1162,0,1,1,False
math_test_prealgebra_651,B2+a2,B2,correct,correct,True,True,0,251,251,0,1,1,False
math_test_prealgebra_66,B2+a2,B2,incorrect,incorrect,False,False,0,404,404,0,1,1,False
math_test_prealgebra_862,B2+a2,B2,correct,correct,True,True,0,363,363,0,1,1,False
math_test_precalculus_12,B2+a2,B2,correct,correct,True,True,0,788,788,0,1,1,False
math_test_precalculus_225,B2+a2,B2,correct,correct,True,True,0,1776,1776,0,1,1,False
math_test_precalculus_27,B2+a2,B2,correct,correct,True,True,0,575,575,0,1,1,False
math_test_precalculus_43,B2+a2,B2,correct,correct,True,True,0,3414,3414,0,1,1,False
math_test_precalculus_47,B2+a2,B2,unknown,unknown,False,False,0,2150,2150,0,1,1,True
math_test_precalculus_9,B2+a2,B2,correct,correct,True,True,0,1758,1758,0,1,1,False
math_test_algebra_1014,B2+generic,B2,correct,correct,True,True,0,838,348,490,2,1,False
math_test_algebra_1085,B2+generic,B2,correct,correct,True,True,0,572,208,364,2,1,False
math_test_algebra_625,B2+generic,B2,correct,correct,True,True,0,1390,501,889,2,1,False
math_test_algebra_692,B2+generic,B2,correct,correct,True,True,0,1294,493,801,2,1,False
math_test_algebra_769,B2+generic,B2,correct,correct,True,True,0,1288,518,770,2,1,False
math_test_counting_probability_133,B2+generic,B2,correct,correct,True,True,0,1282,581,701,2,1,False
math_test_counting_probability_243,B2+generic,B2,correct,correct,True,True,0,1343,572,771,2,1,False
math_test_counting_probability_263,B2+generic,B2,correct,correct,True,True,0,4895,2864,2031,2,1,False
math_test_counting_probability_403,B2+generic,B2,correct,correct,True,True,0,1326,722,604,2,1,False
math_test_counting_probability_442,B2+generic,B2,correct,correct,True,True,0,5472,3073,2399,2,1,False
math_test_counting_probability_70,B2+generic,B2,correct,correct,True,True,0,1483,604,879,2,1,False
math_test_geometry_232,B2+generic,B2,prediction_incomplete,correct,False,True,-1,18830,14113,4717,2,1,False
math_test_geometry_272,B2+generic,B2,correct,correct,True,True,0,1985,860,1125,2,1,False
math_test_geometry_34,B2+generic,B2,correct,correct,True,True,0,4737,2367,2370,2,1,False
math_test_geometry_442,B2+generic,B2,correct,correct,True,True,0,1457,564,893,2,1,False
math_test_geometry_75,B2+generic,B2,prediction_incomplete,correct,False,True,-1,14271,9285,4986,2,1,False
math_test_geometry_78,B2+generic,B2,correct,correct,True,True,0,696,296,400,3,1,False
math_test_intermediate_algebra_349,B2+generic,B2,correct,correct,True,True,0,12918,11515,1403,2,1,False
math_test_intermediate_algebra_502,B2+generic,B2,correct,correct,True,True,0,1744,731,1013,2,1,False
math_test_intermediate_algebra_507,B2+generic,B2,correct,correct,True,True,0,1159,542,617,2,1,False
math_test_intermediate_algebra_613,B2+generic,B2,correct,correct,True,True,0,1110,429,681,2,1,False
math_test_intermediate_algebra_652,B2+generic,B2,correct,correct,True,True,0,1589,658,931,2,1,False
math_test_intermediate_algebra_712,B2+generic,B2,correct,correct,True,True,0,650,276,374,2,1,False
math_test_number_theory_114,B2+generic,B2,correct,correct,True,True,0,2450,1178,1272,2,1,False
math_test_number_theory_119,B2+generic,B2,correct,correct,True,True,0,562,228,334,2,1,False
math_test_number_theory_161,B2+generic,B2,correct,correct,True,True,0,2592,1122,1470,2,1,False
math_test_number_theory_206,B2+generic,B2,correct,correct,True,True,0,1169,494,675,2,1,False
math_test_number_theory_426,B2+generic,B2,correct,correct,True,True,0,1101,356,745,2,1,False
math_test_prealgebra_367,B2+generic,B2,correct,correct,True,True,0,1331,488,843,2,1,False
math_test_prealgebra_370,B2+generic,B2,correct,correct,True,True,0,1264,489,775,2,1,False
math_test_prealgebra_545,B2+generic,B2,correct,correct,True,True,0,2814,1162,1652,2,1,False
math_test_prealgebra_651,B2+generic,B2,correct,correct,True,True,0,657,251,406,2,1,False
math_test_prealgebra_66,B2+generic,B2,incorrect,incorrect,False,False,0,971,404,567,2,1,False
math_test_prealgebra_862,B2+generic,B2,correct,correct,True,True,0,852,363,489,2,1,False
math_test_precalculus_12,B2+generic,B2,correct,correct,True,True,0,1892,788,1104,2,1,False
math_test_precalculus_225,B2+generic,B2,correct,correct,True,True,0,3875,1776,2099,2,1,False
math_test_precalculus_27,B2+generic,B2,correct,correct,True,True,0,1443,575,868,2,1,False
math_test_precalculus_43,B2+generic,B2,correct,correct,True,True,0,7500,3414,4086,2,1,False
math_test_precalculus_47,B2+generic,B2,prediction_incomplete,unknown,False,False,0,6679,2150,4529,2,1,True
math_test_precalculus_9,B2+generic,B2,correct,correct,True,True,0,3770,1758,2012,2,1,False
math_test_algebra_1014,B2+a1,B2+generic,correct,correct,True,True,0,348,838,-490,1,2,False
math_test_algebra_1085,B2+a1,B2+generic,correct,correct,True,True,0,208,572,-364,1,2,False
math_test_algebra_625,B2+a1,B2+generic,correct,correct,True,True,0,501,1390,-889,1,2,False
math_test_algebra_692,B2+a1,B2+generic,correct,correct,True,True,0,493,1294,-801,1,2,False
math_test_algebra_769,B2+a1,B2+generic,correct,correct,True,True,0,518,1288,-770,1,2,False
math_test_counting_probability_133,B2+a1,B2+generic,correct,correct,True,True,0,581,1282,-701,1,2,False
math_test_counting_probability_243,B2+a1,B2+generic,correct,correct,True,True,0,572,1343,-771,1,2,False
math_test_counting_probability_263,B2+a1,B2+generic,correct,correct,True,True,0,2864,4895,-2031,1,2,False
math_test_counting_probability_403,B2+a1,B2+generic,correct,correct,True,True,0,722,1326,-604,1,2,False
math_test_counting_probability_442,B2+a1,B2+generic,correct,correct,True,True,0,3073,5472,-2399,1,2,False
math_test_counting_probability_70,B2+a1,B2+generic,correct,correct,True,True,0,604,1483,-879,1,2,False
math_test_geometry_232,B2+a1,B2+generic,correct,prediction_incomplete,True,False,1,14113,18830,-4717,1,2,False
math_test_geometry_272,B2+a1,B2+generic,correct,correct,True,True,0,860,1985,-1125,1,2,False
math_test_geometry_34,B2+a1,B2+generic,correct,correct,True,True,0,2367,4737,-2370,1,2,False
math_test_geometry_442,B2+a1,B2+generic,correct,correct,True,True,0,564,1457,-893,1,2,False
math_test_geometry_75,B2+a1,B2+generic,correct,prediction_incomplete,True,False,1,9285,14271,-4986,1,2,False
math_test_geometry_78,B2+a1,B2+generic,correct,correct,True,True,0,296,696,-400,1,3,False
math_test_intermediate_algebra_349,B2+a1,B2+generic,correct,correct,True,True,0,11515,12918,-1403,1,2,False
math_test_intermediate_algebra_502,B2+a1,B2+generic,correct,correct,True,True,0,731,1744,-1013,1,2,False
math_test_intermediate_algebra_507,B2+a1,B2+generic,correct,correct,True,True,0,542,1159,-617,1,2,False
math_test_intermediate_algebra_613,B2+a1,B2+generic,correct,correct,True,True,0,429,1110,-681,1,2,False
math_test_intermediate_algebra_652,B2+a1,B2+generic,correct,correct,True,True,0,658,1589,-931,1,2,False
math_test_intermediate_algebra_712,B2+a1,B2+generic,correct,correct,True,True,0,276,650,-374,1,2,False
math_test_number_theory_114,B2+a1,B2+generic,correct,correct,True,True,0,1178,2450,-1272,1,2,False
math_test_number_theory_119,B2+a1,B2+generic,correct,correct,True,True,0,228,562,-334,1,2,False
math_test_number_theory_161,B2+a1,B2+generic,correct,correct,True,True,0,1122,2592,-1470,1,2,False
math_test_number_theory_206,B2+a1,B2+generic,correct,correct,True,True,0,494,1169,-675,1,2,False
math_test_number_theory_426,B2+a1,B2+generic,correct,correct,True,True,0,356,1101,-745,1,2,False
math_test_prealgebra_367,B2+a1,B2+generic,correct,correct,True,True,0,488,1331,-843,1,2,False
math_test_prealgebra_370,B2+a1,B2+generic,correct,correct,True,True,0,489,1264,-775,1,2,False
math_test_prealgebra_545,B2+a1,B2+generic,correct,correct,True,True,0,1162,2814,-1652,1,2,False
math_test_prealgebra_651,B2+a1,B2+generic,correct,correct,True,True,0,251,657,-406,1,2,False
math_test_prealgebra_66,B2+a1,B2+generic,incorrect,incorrect,False,False,0,404,971,-567,1,2,False
math_test_prealgebra_862,B2+a1,B2+generic,correct,correct,True,True,0,363,852,-489,1,2,False
math_test_precalculus_12,B2+a1,B2+generic,correct,correct,True,True,0,788,1892,-1104,1,2,False
math_test_precalculus_225,B2+a1,B2+generic,correct,correct,True,True,0,1776,3875,-2099,1,2,False
math_test_precalculus_27,B2+a1,B2+generic,correct,correct,True,True,0,575,1443,-868,1,2,False
math_test_precalculus_43,B2+a1,B2+generic,correct,correct,True,True,0,3414,7500,-4086,1,2,False
math_test_precalculus_47,B2+a1,B2+generic,unknown,prediction_incomplete,False,False,0,2150,6679,-4529,1,2,True
math_test_precalculus_9,B2+a1,B2+generic,correct,correct,True,True,0,1758,3770,-2012,1,2,False
math_test_algebra_1014,B2+a2,B2+generic,correct,correct,True,True,0,348,838,-490,1,2,False
math_test_algebra_1085,B2+a2,B2+generic,correct,correct,True,True,0,208,572,-364,1,2,False
math_test_algebra_625,B2+a2,B2+generic,correct,correct,True,True,0,501,1390,-889,1,2,False
math_test_algebra_692,B2+a2,B2+generic,correct,correct,True,True,0,493,1294,-801,1,2,False
math_test_algebra_769,B2+a2,B2+generic,correct,correct,True,True,0,518,1288,-770,1,2,False
math_test_counting_probability_133,B2+a2,B2+generic,correct,correct,True,True,0,581,1282,-701,1,2,False
math_test_counting_probability_243,B2+a2,B2+generic,correct,correct,True,True,0,572,1343,-771,1,2,False
math_test_counting_probability_263,B2+a2,B2+generic,correct,correct,True,True,0,2864,4895,-2031,1,2,False
math_test_counting_probability_403,B2+a2,B2+generic,correct,correct,True,True,0,722,1326,-604,1,2,False
math_test_counting_probability_442,B2+a2,B2+generic,correct,correct,True,True,0,3073,5472,-2399,1,2,False
math_test_counting_probability_70,B2+a2,B2+generic,correct,correct,True,True,0,604,1483,-879,1,2,False
math_test_geometry_232,B2+a2,B2+generic,correct,prediction_incomplete,True,False,1,14113,18830,-4717,1,2,False
math_test_geometry_272,B2+a2,B2+generic,correct,correct,True,True,0,860,1985,-1125,1,2,False
math_test_geometry_34,B2+a2,B2+generic,correct,correct,True,True,0,2367,4737,-2370,1,2,False
math_test_geometry_442,B2+a2,B2+generic,correct,correct,True,True,0,564,1457,-893,1,2,False
math_test_geometry_75,B2+a2,B2+generic,correct,prediction_incomplete,True,False,1,9285,14271,-4986,1,2,False
math_test_geometry_78,B2+a2,B2+generic,correct,correct,True,True,0,296,696,-400,1,3,False
math_test_intermediate_algebra_349,B2+a2,B2+generic,correct,correct,True,True,0,11515,12918,-1403,1,2,False
math_test_intermediate_algebra_502,B2+a2,B2+generic,correct,correct,True,True,0,731,1744,-1013,1,2,False
math_test_intermediate_algebra_507,B2+a2,B2+generic,correct,correct,True,True,0,542,1159,-617,1,2,False
math_test_intermediate_algebra_613,B2+a2,B2+generic,correct,correct,True,True,0,429,1110,-681,1,2,False
math_test_intermediate_algebra_652,B2+a2,B2+generic,correct,correct,True,True,0,658,1589,-931,1,2,False
math_test_intermediate_algebra_712,B2+a2,B2+generic,correct,correct,True,True,0,276,650,-374,1,2,False
math_test_number_theory_114,B2+a2,B2+generic,correct,correct,True,True,0,1178,2450,-1272,1,2,False
math_test_number_theory_119,B2+a2,B2+generic,correct,correct,True,True,0,228,562,-334,1,2,False
math_test_number_theory_161,B2+a2,B2+generic,correct,correct,True,True,0,1122,2592,-1470,1,2,False
math_test_number_theory_206,B2+a2,B2+generic,correct,correct,True,True,0,494,1169,-675,1,2,False
math_test_number_theory_426,B2+a2,B2+generic,correct,correct,True,True,0,356,1101,-745,1,2,False
math_test_prealgebra_367,B2+a2,B2+generic,correct,correct,True,True,0,488,1331,-843,1,2,False
math_test_prealgebra_370,B2+a2,B2+generic,correct,correct,True,True,0,489,1264,-775,1,2,False
math_test_prealgebra_545,B2+a2,B2+generic,correct,correct,True,True,0,1162,2814,-1652,1,2,False
math_test_prealgebra_651,B2+a2,B2+generic,correct,correct,True,True,0,251,657,-406,1,2,False
math_test_prealgebra_66,B2+a2,B2+generic,incorrect,incorrect,False,False,0,404,971,-567,1,2,False
math_test_prealgebra_862,B2+a2,B2+generic,correct,correct,True,True,0,363,852,-489,1,2,False
math_test_precalculus_12,B2+a2,B2+generic,correct,correct,True,True,0,788,1892,-1104,1,2,False
math_test_precalculus_225,B2+a2,B2+generic,correct,correct,True,True,0,1776,3875,-2099,1,2,False
math_test_precalculus_27,B2+a2,B2+generic,correct,correct,True,True,0,575,1443,-868,1,2,False
math_test_precalculus_43,B2+a2,B2+generic,correct,correct,True,True,0,3414,7500,-4086,1,2,False
math_test_precalculus_47,B2+a2,B2+generic,unknown,prediction_incomplete,False,False,0,2150,6679,-4529,1,2,True
math_test_precalculus_9,B2+a2,B2+generic,correct,correct,True,True,0,1758,3770,-2012,1,2,False
