group_type,group,count,A,B,C,D,extra_tokens
subject,algebra,78,75,75,77,77,32503
subject,counting_probability,52,51,51,52,52,2735
subject,geometry,53,45,45,51,50,59959
subject,intermediate_algebra,103,87,83,97,93,99276
subject,number_theory,59,57,56,57,56,6732
subject,prealgebra,98,90,89,94,92,46610
subject,precalculus,57,51,50,57,56,44097
level,Level 1,39,37,36,39,38,6205
level,Level 2,88,82,80,84,82,7071
level,Level 3,113,103,101,111,108,72337
level,Level 4,124,115,114,121,119,41255
level,Level 5,136,119,118,130,129,165044
