split,method,module,denominator,parsed,guards,full,correct,incorrect_or_unknown,fallback,local_seconds
dev-engineering,B,ALL,1184,1,1,1,1,0,1183,3.5235019660321996
dev-engineering,B,v4_integer_congruence,1184,1,1,1,1,0,1177,2.680484384938609
dev-engineering,B,frozen_v3,1184,0,0,0,0,0,6,0.8430175810935907
dev-engineering,C,ALL,1184,1,1,1,1,0,1183,0.20456169836688787
dev-engineering,C,v4_integer_congruence,1184,1,1,1,1,0,1177,0.2014094783226028
dev-engineering,C,frozen_v3,1184,0,0,0,0,0,6,0.003152220044285059
dev-selection,B,ALL,1229,0,0,0,0,0,1229,1.9304063139134087
dev-selection,B,v4_integer_congruence,1229,0,0,0,0,0,1219,1.4514785449719056
dev-selection,B,frozen_v3,1229,0,0,0,0,0,10,0.478927768941503
dev-selection,C,ALL,1229,0,0,0,0,0,1229,1.751245518680662
dev-selection,C,v4_integer_congruence,1229,0,0,0,0,0,1219,1.349927167640999
dev-selection,C,frozen_v3,1229,0,0,0,0,0,10,0.40131835103966296
heldout-confirmation,B,ALL,2383,2,2,2,2,0,2381,2.7447747014812194
heldout-confirmation,B,v4_integer_congruence,2383,0,0,0,0,0,2370,2.3096595144597813
heldout-confirmation,B,frozen_v3,2383,2,2,2,2,0,11,0.43511518702143803
heldout-confirmation,C,ALL,2383,2,2,1,1,0,2382,2.1311926533817314
heldout-confirmation,C,v4_integer_congruence,2383,0,0,0,0,0,2370,1.3651607795036398
heldout-confirmation,C,frozen_v3,2383,2,2,1,1,0,12,0.7660318738780916
