task_id,domain,initial_correct,class,A_final,retry_final,deterministic_final,C_changes_A,extraction_artifact,initial_output_empty,mechanism
math_train_algebra_1116,math,True,correct_control,True,True,True,False,False,False,no_observable_failure
math_train_algebra_1359,math,True,correct_control,True,True,True,False,False,False,no_observable_failure
math_train_algebra_443,math,True,correct_control,True,True,True,False,False,False,no_observable_failure
math_train_algebra_5,math,True,correct_control,True,True,True,False,False,False,no_observable_failure
math_train_counting_probability_473,math,True,correct_control,True,True,True,False,False,False,no_observable_failure
math_train_counting_probability_618,math,True,correct_control,True,True,True,False,False,False,no_observable_failure
math_train_counting_probability_703,math,True,correct_control,True,True,True,False,False,False,no_observable_failure
math_train_geometry_387,math,True,correct_control,True,True,True,False,False,False,no_observable_failure
math_train_geometry_575,math,False,no_recovery_in_tested_actions,False,False,False,False,False,True,budget_limited_resampling_no_visible_trace
math_train_geometry_775,math,False,no_recovery_in_tested_actions,False,False,False,False,False,True,budget_limited_resampling_no_visible_trace
math_train_intermediate_algebra_1037,math,True,correct_control,True,True,True,False,False,False,no_observable_failure
math_train_intermediate_algebra_210,math,True,correct_control,True,True,True,False,False,False,no_observable_failure
math_train_intermediate_algebra_475,math,False,no_recovery_in_tested_actions,False,False,False,False,False,True,budget_limited_resampling_no_visible_trace
math_train_intermediate_algebra_501,math,False,retry_suffices_observed,True,True,True,False,False,True,budget_limited_resampling_no_visible_trace
math_train_number_theory_198,math,True,correct_control,True,True,True,False,False,False,no_observable_failure
math_train_number_theory_404,math,True,correct_control,True,True,True,False,False,False,no_observable_failure
math_train_number_theory_589,math,True,unnecessary_retry_harmed,True,False,True,False,False,False,no_observable_failure
math_train_number_theory_593,math,True,correct_control,True,True,True,False,False,False,no_observable_failure
math_train_prealgebra_267,math,True,correct_control,True,True,True,False,False,False,no_observable_failure
math_train_prealgebra_615,math,False,no_recovery_in_tested_actions,False,False,False,False,False,True,budget_limited_resampling_no_visible_trace
math_train_prealgebra_678,math,True,correct_control,True,True,True,False,False,False,no_observable_failure
math_train_precalculus_22,math,True,correct_control,True,True,True,False,False,False,no_observable_failure
math_train_precalculus_261,math,True,correct_control,True,True,True,False,False,False,no_observable_failure
math_train_precalculus_64,math,True,correct_control,True,True,True,False,False,False,no_observable_failure
mbpp_train_629,code,False,no_recovery_in_tested_actions,False,False,False,False,True,False,zero_call_adapter_already_suffices
mbpp_train_647,code,True,unnecessary_retry_harmed,True,False,True,False,False,False,no_observable_failure
mbpp_train_696,code,False,A_only_observed,True,False,False,False,True,False,zero_call_adapter_already_suffices
mbpp_train_705,code,True,correct_control,True,True,True,False,False,False,no_observable_failure
mbpp_train_747,code,False,A_only_observed,True,False,False,False,True,False,zero_call_adapter_already_suffices
mbpp_train_775,code,True,correct_control,True,True,True,False,False,False,no_observable_failure
mbpp_train_778,code,True,correct_control,True,True,True,False,False,False,no_observable_failure
mbpp_train_784,code,True,correct_control,True,True,True,False,False,False,no_observable_failure
mbpp_train_785,code,True,correct_control,True,True,True,False,False,False,no_observable_failure
mbpp_train_792,code,False,retry_suffices_observed,False,True,True,False,True,False,zero_call_adapter_already_suffices
mbpp_train_807,code,True,correct_control,True,True,True,False,False,False,no_observable_failure
mbpp_train_809,code,True,correct_control,True,True,True,False,False,False,no_observable_failure
mbpp_train_827,code,False,no_recovery_in_tested_actions,False,False,False,False,True,False,zero_call_adapter_already_suffices
mbpp_train_842,code,False,A_only_observed,True,False,False,False,True,False,zero_call_adapter_already_suffices
mbpp_train_843,code,True,correct_control,True,True,True,False,False,False,no_observable_failure
mbpp_train_844,code,True,correct_control,True,True,True,False,False,False,no_observable_failure
mbpp_train_848,code,True,correct_control,True,True,True,False,False,False,no_observable_failure
mbpp_train_877,code,True,correct_control,True,True,True,False,False,False,no_observable_failure
mbpp_train_888,code,True,correct_control,True,True,True,False,False,False,no_observable_failure
mbpp_train_891,code,True,correct_control,True,True,True,False,False,False,no_observable_failure
mbpp_train_926,code,True,correct_control,True,True,True,False,False,False,no_observable_failure
mbpp_train_954,code,False,no_recovery_in_tested_actions,False,False,False,False,True,False,zero_call_adapter_already_suffices
mbpp_train_968,code,False,no_recovery_in_tested_actions,False,False,False,False,False,False,no_observable_failure
mbpp_train_973,code,True,correct_control,True,True,True,False,False,False,no_observable_failure
