method,logical_completed_calls,new_completed_calls,reused_calls,new_http_attempts,input_tokens,output_tokens,reasoning_tokens,total_tokens,usage_unknown_attempts,unknown_token_upper_bound,peak_uncached_usd_estimate
validation_single16384,119,119,0,119,15563,195939,168101,211502,0,0,0.239796
validation_pass4_pool,476,476,0,476,62252,775486,667136,837738,0,0,0.949259
validation_pass4_extra,357,357,0,357,46689,579547,499035,626236,0,0,0.709463
test_single16384,486,479,7,479,66780,789934,674300,856714,0,0,0.967955
all605_single16384,605,598,7,598,82343,985873,842401,1068216,0,0,1.20775
physical_new_experiment,955,955,0,955,127879,1555041,1332737,1682920,0,0,1.904413
majority_selection_only,0,0,0,0,0,0,0,0,0,0,0
verification_selection_only,0,0,0,0,0,0,0,0,0,0,0
pass8_not_run,0,0,0,0,0,0,0,0,0,0,0
official_aflow_not_run,0,0,0,0,0,0,0,0,0,0,0
