subject,k,method,n,oracle_math_correct,selected_math_correct,gap_tasks,gap_percentage_points,oracle_v3_correct,selected_v3_correct
all,4,first,119,119,118,1,0.8403361344537815,113,112
all,4,majority,119,119,119,0,0.0,113,113
all,4,verification,119,119,119,0,0.0,113,113
counting_probability,4,first,24,24,24,0,0.0,24,24
counting_probability,4,majority,24,24,24,0,0.0,24,24
counting_probability,4,verification,24,24,24,0,0.0,24,24
number_theory,4,first,30,30,30,0,0.0,28,28
number_theory,4,majority,30,30,30,0,0.0,28,28
number_theory,4,verification,30,30,30,0,0.0,28,28
prealgebra,4,first,38,38,38,0,0.0,36,36
prealgebra,4,majority,38,38,38,0,0.0,36,36
prealgebra,4,verification,38,38,38,0,0.0,36,36
precalculus,4,first,27,27,26,1,3.7037037037037037,25,24
precalculus,4,majority,27,27,27,0,0.0,25,25
precalculus,4,verification,27,27,27,0,0.0,25,25
