split,subject,k,n,measured,v3_correct,v3_accuracy,math_correct,math_accuracy,logical_calls,tokens,new_recoveries_over_first,note
validation,all,1,119,True,112,0.9411764705882353,118,0.9915966386554622,119,211502,0,Oracle existence over ordered independent candidates; full119 validation
validation,all,4,119,True,113,0.9495798319327731,119,1.0,476,837738,1,Oracle existence over ordered independent candidates; full119 validation
validation,all,8,119,False,NA,NA,NA,NA,0,0,NA,Not run: predeclared complementarity gate not met
validation,counting_probability,1,24,True,24,1.0,24,1.0,24,44099,0,Oracle existence over ordered independent candidates; full119 validation
validation,counting_probability,4,24,True,24,1.0,24,1.0,96,180138,0,Oracle existence over ordered independent candidates; full119 validation
validation,counting_probability,8,24,False,NA,NA,NA,NA,0,0,NA,Not run: predeclared complementarity gate not met
validation,number_theory,1,30,True,28,0.9333333333333333,30,1.0,30,36624,0,Oracle existence over ordered independent candidates; full119 validation
validation,number_theory,4,30,True,28,0.9333333333333333,30,1.0,120,143061,0,Oracle existence over ordered independent candidates; full119 validation
validation,number_theory,8,30,False,NA,NA,NA,NA,0,0,NA,Not run: predeclared complementarity gate not met
validation,prealgebra,1,38,True,36,0.9473684210526315,38,1.0,38,45565,0,Oracle existence over ordered independent candidates; full119 validation
validation,prealgebra,4,38,True,36,0.9473684210526315,38,1.0,152,192731,0,Oracle existence over ordered independent candidates; full119 validation
validation,prealgebra,8,38,False,NA,NA,NA,NA,0,0,NA,Not run: predeclared complementarity gate not met
validation,precalculus,1,27,True,24,0.8888888888888888,26,0.9629629629629629,27,85214,0,Oracle existence over ordered independent candidates; full119 validation
validation,precalculus,4,27,True,25,0.9259259259259259,27,1.0,108,321808,1,Oracle existence over ordered independent candidates; full119 validation
validation,precalculus,8,27,False,NA,NA,NA,NA,0,0,NA,Not run: predeclared complementarity gate not met
