task_id,subject,first_correct,pass4_correct,majority_correct,verification_correct,new_math_recovery,new_complete_error_recovery,first_tokens,pass4_tokens,extra_calls,extra_tokens,answer_equivalence_groups,structure_tag_variants,any_complete_wrong_candidate,all_four_without_confirmed_correct
math_test_prealgebra_181,prealgebra,True,True,True,True,False,False,446,2065,3,1619,"[[1, 2, 3, 4]]",1,False,False
math_test_prealgebra_577,prealgebra,True,True,True,True,False,False,1103,4592,3,3489,"[[1, 2, 3, 4]]",1,False,False
math_test_prealgebra_304,prealgebra,True,True,True,True,False,False,493,2016,3,1523,"[[1, 2, 3, 4]]",1,False,False
math_test_prealgebra_609,prealgebra,True,True,True,True,False,False,749,2965,3,2216,[],3,False,False
math_test_prealgebra_464,prealgebra,True,True,True,True,False,False,563,3051,3,2488,[],1,False,False
math_test_prealgebra_643,prealgebra,True,True,True,True,False,False,825,3573,3,2748,"[[1, 2, 3, 4]]",1,False,False
math_test_prealgebra_73,prealgebra,True,True,True,True,False,False,748,3000,3,2252,"[[1, 2, 3, 4]]",1,False,False
math_test_prealgebra_86,prealgebra,True,True,True,True,False,False,5401,33424,3,28023,"[[1, 2, 3, 4]]",3,False,False
math_test_prealgebra_75,prealgebra,True,True,True,True,False,False,551,2664,3,2113,"[[1, 2, 3, 4]]",2,False,False
math_test_prealgebra_35,prealgebra,True,True,True,True,False,False,685,2683,3,1998,"[[1, 2, 3, 4]]",1,False,False
math_test_prealgebra_318,prealgebra,True,True,True,True,False,False,274,1076,3,802,"[[1, 2, 3, 4]]",1,False,False
math_test_prealgebra_462,prealgebra,True,True,True,True,False,False,306,1182,3,876,"[[1, 2, 3, 4]]",1,False,False
math_test_prealgebra_250,prealgebra,True,True,True,True,False,False,662,2196,3,1534,"[[1, 2, 3, 4]]",1,False,False
math_test_prealgebra_248,prealgebra,True,True,True,True,False,False,327,1279,3,952,"[[1, 2, 3, 4]]",1,False,False
math_test_prealgebra_648,prealgebra,True,True,True,True,False,False,502,1833,3,1331,"[[1, 2, 3, 4]]",1,False,False
math_test_prealgebra_131,prealgebra,True,True,True,True,False,False,11084,37014,3,25930,"[[1, 2, 3, 4]]",2,False,False
math_test_prealgebra_620,prealgebra,True,True,True,True,False,False,1339,5074,3,3735,"[[1, 2, 3, 4]]",1,False,False
math_test_prealgebra_255,prealgebra,True,True,True,True,False,False,339,1242,3,903,"[[1, 2, 3, 4]]",1,False,False
math_test_prealgebra_457,prealgebra,True,True,True,True,False,False,1238,5205,3,3967,"[[1, 2, 3, 4]]",1,False,False
math_test_prealgebra_252,prealgebra,True,True,True,True,False,False,1107,3561,3,2454,"[[1, 2, 3, 4]]",1,False,False
math_test_prealgebra_659,prealgebra,True,True,True,True,False,False,444,1733,3,1289,"[[1, 2, 3, 4]]",1,False,False
math_test_prealgebra_570,prealgebra,True,True,True,True,False,False,1837,5504,3,3667,"[[1, 2, 3, 4]]",2,False,False
math_test_prealgebra_476,prealgebra,True,True,True,True,False,False,2751,14344,3,11593,"[[1, 2, 3, 4]]",1,False,False
math_test_prealgebra_396,prealgebra,True,True,True,True,False,False,511,2214,3,1703,"[[1, 2, 3, 4]]",1,False,False
math_test_prealgebra_251,prealgebra,True,True,True,True,False,False,2330,8630,3,6300,"[[1, 2, 3, 4]]",3,False,False
math_test_prealgebra_470,prealgebra,True,True,True,True,False,False,348,1533,3,1185,"[[1, 2, 3, 4]]",1,False,False
math_test_prealgebra_104,prealgebra,True,True,True,True,False,False,559,2793,3,2234,"[[1, 2, 3, 4]]",1,False,False
math_test_prealgebra_661,prealgebra,True,True,True,True,False,False,233,987,3,754,"[[1, 2, 3, 4]]",1,False,False
math_test_prealgebra_227,prealgebra,True,True,True,True,False,False,540,2404,3,1864,"[[1, 2, 3, 4]]",1,False,False
math_test_prealgebra_596,prealgebra,True,True,True,True,False,False,1101,8846,3,7745,"[[1, 3, 4]]",2,False,False
math_test_prealgebra_465,prealgebra,True,True,True,True,False,False,346,1364,3,1018,"[[1, 2, 4]]",1,False,False
math_test_prealgebra_699,prealgebra,True,True,True,True,False,False,381,1563,3,1182,"[[1, 2, 3, 4]]",1,False,False
math_test_prealgebra_93,prealgebra,True,True,True,True,False,False,929,3380,3,2451,"[[1, 2, 3, 4]]",1,False,False
math_test_prealgebra_363,prealgebra,True,True,True,True,False,False,867,3063,3,2196,"[[1, 2, 3, 4]]",1,False,False
math_test_prealgebra_723,prealgebra,True,True,True,True,False,False,326,1313,3,987,"[[1, 2, 3, 4]]",1,False,False
math_test_prealgebra_21,prealgebra,True,True,True,True,False,False,1488,6306,3,4818,"[[1, 2, 3, 4]]",1,False,False
math_test_prealgebra_650,prealgebra,True,True,True,True,False,False,833,3427,3,2594,"[[1, 2, 3, 4]]",1,False,False
math_test_prealgebra_602,prealgebra,True,True,True,True,False,False,999,3632,3,2633,"[[1, 2, 3, 4]]",2,False,False
math_test_number_theory_46,number_theory,True,True,True,True,False,False,1017,3836,3,2819,"[[1, 2, 3, 4]]",1,False,False
math_test_number_theory_311,number_theory,True,True,True,True,False,False,1202,4354,3,3152,"[[1, 2, 3, 4]]",3,False,False
math_test_number_theory_531,number_theory,True,True,True,True,False,False,1255,4421,3,3166,"[[1, 2, 3, 4]]",3,False,False
math_test_number_theory_370,number_theory,True,True,True,True,False,False,1492,6318,3,4826,"[[1, 2, 3, 4]]",2,False,False
math_test_number_theory_392,number_theory,True,True,True,True,False,False,521,2150,3,1629,"[[1, 2, 3, 4]]",1,False,False
math_test_number_theory_209,number_theory,True,True,True,True,False,False,2142,11798,3,9656,"[[1, 2, 3, 4]]",2,False,False
math_test_number_theory_57,number_theory,True,True,True,True,False,False,745,3146,3,2401,"[[1, 2, 3, 4]]",2,False,False
math_test_number_theory_123,number_theory,True,True,True,True,False,False,7059,19425,3,12366,"[[1, 2, 3, 4]]",1,False,False
math_test_number_theory_93,number_theory,True,True,True,True,False,False,1112,5768,3,4656,"[[1, 2, 3, 4]]",2,False,False
math_test_number_theory_150,number_theory,True,True,True,True,False,False,602,2107,3,1505,"[[1, 2, 3, 4]]",4,False,False
math_test_number_theory_279,number_theory,True,True,True,True,False,False,495,2236,3,1741,"[[1, 2, 3, 4]]",1,False,False
math_test_number_theory_489,number_theory,True,True,True,True,False,False,819,3260,3,2441,"[[1, 2, 3, 4]]",2,False,False
math_test_number_theory_61,number_theory,True,True,True,True,False,False,1253,4314,3,3061,"[[1, 2, 3, 4]]",2,False,False
math_test_number_theory_511,number_theory,True,True,True,True,False,False,1137,3380,3,2243,"[[1, 2, 3, 4]]",2,False,False
math_test_number_theory_280,number_theory,True,True,True,True,False,False,499,1934,3,1435,"[[1, 2, 3, 4]]",1,False,False
math_test_number_theory_310,number_theory,True,True,True,True,False,False,533,2087,3,1554,"[[1, 2, 3, 4]]",1,False,False
math_test_number_theory_435,number_theory,True,True,True,True,False,False,626,2756,3,2130,"[[1, 2, 3, 4]]",3,False,False
math_test_number_theory_37,number_theory,True,True,True,True,False,False,753,3100,3,2347,"[[1, 2, 3, 4]]",1,False,False
math_test_number_theory_28,number_theory,True,True,True,True,False,False,520,2087,3,1567,"[[1, 2, 3, 4]]",1,False,False
math_test_number_theory_419,number_theory,True,True,True,True,False,False,446,1638,3,1192,"[[1, 2, 3, 4]]",2,False,False
math_test_number_theory_79,number_theory,True,True,True,True,False,False,2782,8679,3,5897,"[[1, 2, 3, 4]]",4,False,False
math_test_number_theory_108,number_theory,True,True,True,True,False,False,497,1994,3,1497,"[[1, 2, 3, 4]]",3,False,False
math_test_number_theory_475,number_theory,True,True,True,True,False,False,727,2919,3,2192,"[[1, 2, 3, 4]]",2,False,False
math_test_number_theory_212,number_theory,True,True,True,True,False,False,601,3765,3,3164,[],2,False,False
math_test_number_theory_477,number_theory,True,True,True,True,False,False,1972,7322,3,5350,"[[1, 2, 3, 4]]",3,False,False
math_test_number_theory_80,number_theory,True,True,True,True,False,False,2262,11973,3,9711,[],2,False,False
math_test_number_theory_314,number_theory,True,True,True,True,False,False,549,2115,3,1566,"[[1, 2, 3, 4]]",1,False,False
math_test_number_theory_84,number_theory,True,True,True,True,False,False,1149,5092,3,3943,"[[1, 2, 3, 4]]",2,False,False
math_test_number_theory_264,number_theory,True,True,True,True,False,False,1349,7005,3,5656,"[[1, 2, 3, 4]]",1,False,False
math_test_number_theory_210,number_theory,True,True,True,True,False,False,508,2082,3,1574,"[[1, 2, 3, 4]]",3,False,False
math_test_precalculus_450,precalculus,True,True,True,True,False,False,996,3891,3,2895,"[[1, 2, 3, 4]]",1,False,False
math_test_precalculus_289,precalculus,True,True,True,True,False,False,2297,4805,3,2508,"[[1, 2, 3, 4]]",2,False,False
math_test_precalculus_468,precalculus,True,True,True,True,False,False,1536,6573,3,5037,"[[1, 2, 3, 4]]",1,False,False
math_test_precalculus_63,precalculus,True,True,True,True,False,False,1212,3638,3,2426,"[[1, 2, 3, 4]]",3,False,False
math_test_precalculus_153,precalculus,True,True,True,True,False,False,1949,7229,3,5280,"[[1, 2, 3, 4]]",3,False,False
math_test_precalculus_277,precalculus,True,True,True,True,False,False,1337,6460,3,5123,"[[1, 4], [2], [3]]",3,False,False
math_test_precalculus_44,precalculus,True,True,True,True,False,False,2289,26177,3,23888,"[[1, 2, 3]]",4,False,False
math_test_precalculus_483,precalculus,True,True,True,True,False,False,1625,7192,3,5567,"[[1, 2, 3, 4]]",2,False,False
math_test_precalculus_526,precalculus,True,True,True,True,False,False,1324,6410,3,5086,"[[1, 2, 3, 4]]",3,False,False
math_test_precalculus_536,precalculus,True,True,True,True,False,False,1317,3737,3,2420,"[[1, 2, 3, 4]]",1,False,False
math_test_precalculus_165,precalculus,True,True,True,True,False,False,6548,29295,3,22747,"[[1, 2, 3, 4]]",4,False,False
math_test_precalculus_134,precalculus,True,True,True,True,False,False,1499,5645,3,4146,"[[1, 2, 3, 4]]",1,False,False
math_test_precalculus_90,precalculus,True,True,True,True,False,False,2471,9745,3,7274,"[[1, 2, 3, 4]]",3,False,False
math_test_precalculus_459,precalculus,True,True,True,True,False,False,7312,24170,3,16858,"[[1, 2, 3, 4]]",4,False,False
math_test_precalculus_507,precalculus,True,True,True,True,False,False,8367,27668,3,19301,"[[1, 2, 3, 4]]",3,False,False
math_test_precalculus_105,precalculus,True,True,True,True,False,False,940,3982,3,3042,"[[1, 2, 3, 4]]",1,False,False
math_test_precalculus_211,precalculus,True,True,True,True,False,False,8752,22394,3,13642,"[[1, 4], [2, 3]]",2,False,False
math_test_precalculus_16,precalculus,True,True,True,True,False,False,599,1725,3,1126,"[[1, 2, 3, 4]]",1,False,False
math_test_precalculus_373,precalculus,True,True,True,True,False,False,5569,15922,3,10353,"[[1, 2, 3, 4]]",3,False,False
math_test_precalculus_359,precalculus,True,True,True,True,False,False,897,3424,3,2527,"[[1, 2, 3, 4]]",1,False,False
math_test_precalculus_382,precalculus,True,True,True,True,False,False,1148,3696,3,2548,"[[1, 2, 3, 4]]",2,False,False
math_test_precalculus_85,precalculus,True,True,True,True,False,False,705,2684,3,1979,"[[1, 2, 3, 4]]",1,False,False
math_test_precalculus_60,precalculus,True,True,True,True,False,False,1753,6532,3,4779,[[3]],3,False,False
math_test_precalculus_62,precalculus,True,True,True,True,False,False,2877,9869,3,6992,"[[1, 2, 3, 4]]",2,False,False
math_test_precalculus_40,precalculus,True,True,True,True,False,False,1516,6526,3,5010,"[[1, 2, 3, 4]]",2,False,False
math_test_precalculus_485,precalculus,False,True,True,True,True,False,16496,65138,3,48642,[[4]],4,False,False
math_test_precalculus_181,precalculus,True,True,True,True,False,False,1883,7281,3,5398,"[[1, 2, 3, 4]]",1,False,False
math_test_counting_probability_51,counting_probability,True,True,True,True,False,False,1653,10081,3,8428,"[[1, 2, 3, 4]]",2,False,False
math_test_counting_probability_184,counting_probability,True,True,True,True,False,False,660,2512,3,1852,"[[1, 2, 3, 4]]",1,False,False
math_test_counting_probability_192,counting_probability,True,True,True,True,False,False,10530,30022,3,19492,"[[1, 2, 3, 4]]",3,False,False
math_test_counting_probability_354,counting_probability,True,True,True,True,False,False,2874,9793,3,6919,"[[1, 2, 3, 4]]",3,False,False
math_test_counting_probability_12,counting_probability,True,True,True,True,False,False,528,2692,3,2164,"[[1, 2, 3, 4]]",1,False,False
math_test_counting_probability_137,counting_probability,True,True,True,True,False,False,1733,8488,3,6755,"[[1, 2, 3, 4]]",2,False,False
math_test_counting_probability_255,counting_probability,True,True,True,True,False,False,854,2806,3,1952,"[[1, 2, 3, 4]]",1,False,False
math_test_counting_probability_404,counting_probability,True,True,True,True,False,False,4722,22116,3,17394,"[[1, 2, 3, 4]]",4,False,False
math_test_counting_probability_107,counting_probability,True,True,True,True,False,False,878,3367,3,2489,"[[1, 2, 3, 4]]",1,False,False
math_test_counting_probability_214,counting_probability,True,True,True,True,False,False,624,2461,3,1837,"[[1, 2, 3, 4]]",4,False,False
math_test_counting_probability_209,counting_probability,True,True,True,True,False,False,499,1810,3,1311,"[[1, 2, 3, 4]]",1,False,False
math_test_counting_probability_296,counting_probability,True,True,True,True,False,False,510,1910,3,1400,"[[1, 2, 3, 4]]",2,False,False
math_test_counting_probability_19,counting_probability,True,True,True,True,False,False,1876,7674,3,5798,"[[1, 2, 3, 4]]",3,False,False
math_test_counting_probability_366,counting_probability,True,True,True,True,False,False,5153,29475,3,24322,"[[1, 2, 3, 4]]",4,False,False
math_test_counting_probability_376,counting_probability,True,True,True,True,False,False,962,3586,3,2624,"[[1, 2, 3, 4]]",3,False,False
math_test_counting_probability_25,counting_probability,True,True,True,True,False,False,410,1502,3,1092,"[[1, 2, 3, 4]]",2,False,False
math_test_counting_probability_300,counting_probability,True,True,True,True,False,False,815,3973,3,3158,"[[1, 2, 3, 4]]",1,False,False
math_test_counting_probability_233,counting_probability,True,True,True,True,False,False,2594,8372,3,5778,"[[1, 2, 3, 4]]",4,False,False
math_test_counting_probability_450,counting_probability,True,True,True,True,False,False,810,2903,3,2093,"[[1, 2, 3, 4]]",2,False,False
math_test_counting_probability_3,counting_probability,True,True,True,True,False,False,1794,6832,3,5038,"[[1, 2, 3, 4]]",4,False,False
math_test_counting_probability_87,counting_probability,True,True,True,True,False,False,525,2511,3,1986,"[[1, 2, 3, 4]]",2,False,False
math_test_counting_probability_158,counting_probability,True,True,True,True,False,False,1112,3985,3,2873,"[[1, 2, 3, 4]]",2,False,False
math_test_counting_probability_262,counting_probability,True,True,True,True,False,False,732,5291,3,4559,"[[1, 2, 3, 4]]",3,False,False
math_test_counting_probability_424,counting_probability,True,True,True,True,False,False,1251,5976,3,4725,"[[1, 2, 3, 4]]",4,False,False
