accuracy,api_call_count,correct,execution_seconds,family,input_tokens,local_total_seconds,method,n,output_tokens,total_tokens,truncated,unknown,verification_seconds
1.0,14,14,0,ALL,1412,0,A_NoBank,14,8524,9936,0,0,0
1.0,14,14,0,ALL,2444,0,B_Compact,14,11952,14396,0,0,0
1.0,10,14,0.0010801148600876331,ALL,1754,0.39156949310563505,C_Executable,14,8810,10564,0,0,0.014494994888082147
1.0,10,10,0,root_invariants,1052,0,A_NoBank,10,5934,6986,0,0,0
1.0,10,10,0,root_invariants,1852,0,B_Compact,10,9071,10923,0,0,0
1.0,10,10,0.0005697669694200158,root_invariants,1754,0.30186051601776853,C_Executable,10,8810,10564,0,0,0.00775873294332996
1.0,4,4,0,polynomial_remainder,360,0,A_NoBank,4,2590,2950,0,0,0
1.0,4,4,0,polynomial_remainder,592,0,B_Compact,4,2881,3473,0,0,0
1.0,0,4,0.0005103478906676173,polynomial_remainder,0,0.08970897708786651,C_Executable,4,0,0,0,0,0.0067362619447521865
