avoided_api_calls,base_correct,base_truncated,execution_seconds,family,method,method_correct,method_truncated,saved_input,saved_output,saved_total,task_id,verification_seconds
0,True,False,0,root_invariants,B_Compact,True,False,-80,-86,-166,math_train_algebra_1025,0
0,True,False,0,root_invariants,B_Compact,True,False,-80,-25,-105,math_train_algebra_1066,0
0,True,False,0,root_invariants,B_Compact,True,False,-80,-65,-145,math_train_algebra_1450,0
0,True,False,0,root_invariants,B_Compact,True,False,-80,6,-74,math_train_algebra_338,0
0,True,False,0,root_invariants,B_Compact,True,False,-80,-29,-109,math_train_algebra_606,0
0,True,False,0,root_invariants,B_Compact,True,False,-80,-352,-432,math_train_intermediate_algebra_104,0
0,True,False,0,root_invariants,B_Compact,True,False,-80,-2196,-2276,math_train_intermediate_algebra_1150,0
0,True,False,0,root_invariants,B_Compact,True,False,-80,-105,-185,math_train_intermediate_algebra_1169,0
0,True,False,0,root_invariants,B_Compact,True,False,-80,83,3,math_train_intermediate_algebra_310,0
0,True,False,0,root_invariants,B_Compact,True,False,-80,-368,-448,math_train_intermediate_algebra_681,0
0,True,False,6.438500713557005e-05,root_invariants,C_Executable,True,False,-79,-138,-217,math_train_algebra_1025,0.0009312589536421001
0,True,False,5.4257980082184076e-05,root_invariants,C_Executable,True,False,-69,-148,-217,math_train_algebra_1066,0.0008738079923205078
0,True,False,4.175299545750022e-05,root_invariants,C_Executable,True,False,-70,-107,-177,math_train_algebra_1450,0.0005694429855793715
0,True,False,4.0745013393461704e-05,root_invariants,C_Executable,True,False,-67,-5,-72,math_train_algebra_338,0.0005700539913959801
0,True,False,5.0449976697564125e-05,root_invariants,C_Executable,True,False,-69,-118,-187,math_train_algebra_606,0.0006086569628678262
0,True,False,4.606996662914753e-05,root_invariants,C_Executable,True,False,-71,-640,-711,math_train_intermediate_algebra_104,0.000944228027947247
0,True,False,0.0001307560014538467,root_invariants,C_Executable,True,False,-83,-1532,-1615,math_train_intermediate_algebra_1150,0.001472652016673237
0,True,False,3.606901736930013e-05,root_invariants,C_Executable,True,False,-61,494,433,math_train_intermediate_algebra_1169,0.00047894101589918137
0,True,False,5.4822012316435575e-05,root_invariants,C_Executable,True,False,-61,-583,-644,math_train_intermediate_algebra_310,0.0005004249978810549
0,True,False,5.045899888500571e-05,root_invariants,C_Executable,True,False,-72,-99,-171,math_train_intermediate_algebra_681,0.0008092659991234541
0,True,False,0,polynomial_remainder,B_Compact,True,False,-58,-388,-446,math_train_intermediate_algebra_429,0
0,True,False,0,polynomial_remainder,B_Compact,True,False,-58,-16,-74,math_train_intermediate_algebra_676,0
0,True,False,0,polynomial_remainder,B_Compact,True,False,-58,203,145,math_train_intermediate_algebra_818,0
0,True,False,0,polynomial_remainder,B_Compact,True,False,-58,-90,-148,math_train_intermediate_algebra_957,0
1,True,False,6.14029704593122e-05,polynomial_remainder,C_Executable,True,False,89,1186,1275,math_train_intermediate_algebra_429,0.00040321098640561104
1,True,False,5.166797200217843e-05,polynomial_remainder,C_Executable,True,False,80,398,478,math_train_intermediate_algebra_676,0.0009131269762292504
1,True,False,6.0278980527073145e-05,polynomial_remainder,C_Executable,True,False,86,521,607,math_train_intermediate_algebra_818,0.0001784099731594324
1,True,False,0.00033699796767905354,polynomial_remainder,C_Executable,True,False,105,485,590,math_train_intermediate_algebra_957,0.005241514008957893
