state_id,discovery_split,position_kind,task_id,observed_chars,candidate_count,distinct_candidate_count,stable_candidate_repeats,recent_unresolved,constraint_check_seen,explicit_candidate,checks_seen,repetitions_seen,revisions_seen
math_test_counting_probability_192__primary,train,primary,math_test_counting_probability_192,10485,1,1,1,True,False,True,0,0,5
math_test_counting_probability_126__primary,train,primary,math_test_counting_probability_126,6309,0,0,0,True,True,False,3,0,5
math_test_counting_probability_126__after_first_candidate,train,after_first_candidate,math_test_counting_probability_126,8155,1,1,1,False,True,True,5,0,5
math_test_counting_probability_404__primary,development,primary,math_test_counting_probability_404,8916,0,0,0,True,False,False,1,0,5
math_test_counting_probability_404__three_quarters,development,three_quarters,math_test_counting_probability_404,14454,0,0,0,True,False,False,3,0,5
math_test_counting_probability_457__primary,development,primary,math_test_counting_probability_457,5664,0,0,0,True,False,False,3,0,4
math_test_counting_probability_51__primary,train,primary,math_test_counting_probability_51,2211,0,0,0,True,True,False,1,0,1
math_test_number_theory_293__primary,train,primary,math_test_number_theory_293,5137,0,0,0,False,False,False,3,0,4
math_test_number_theory_536__primary,development,primary,math_test_number_theory_536,1583,1,1,1,False,False,True,0,0,1
math_test_number_theory_536__after_first_candidate,development,after_first_candidate,math_test_number_theory_536,1583,1,1,1,False,False,True,0,0,1
math_test_number_theory_140__primary,train,primary,math_test_number_theory_140,5120,0,0,0,True,True,False,5,0,5
math_test_number_theory_140__after_check,train,after_check,math_test_number_theory_140,5978,1,1,1,True,True,True,5,0,5
math_test_number_theory_478__primary,development,primary,math_test_number_theory_478,5031,0,0,0,True,False,False,3,0,4
math_test_number_theory_304__primary,train,primary,math_test_number_theory_304,644,0,0,0,False,False,False,0,0,0
math_test_prealgebra_131__primary,train,primary,math_test_prealgebra_131,8286,0,0,0,False,False,False,2,0,5
math_test_prealgebra_3__primary,train,primary,math_test_prealgebra_3,14826,2,2,1,True,True,True,5,0,5
math_test_prealgebra_362__primary,train,primary,math_test_prealgebra_362,5813,0,0,0,False,False,False,3,0,3
math_test_prealgebra_362__after_check,train,after_check,math_test_prealgebra_362,11575,3,1,3,True,False,True,5,2,5
math_test_prealgebra_611__primary,development,primary,math_test_prealgebra_611,7885,0,0,0,True,False,False,1,0,4
math_test_prealgebra_563__primary,development,primary,math_test_prealgebra_563,2183,0,0,0,True,False,False,0,0,2
math_test_prealgebra_563__one_quarter,development,one_quarter,math_test_prealgebra_563,688,0,0,0,False,False,False,0,0,0
math_test_precalculus_188__primary,development,primary,math_test_precalculus_188,6723,0,0,0,False,False,False,1,0,3
math_test_precalculus_99__primary,development,primary,math_test_precalculus_99,12395,1,1,1,True,True,True,5,0,5
math_test_precalculus_219__primary,train,primary,math_test_precalculus_219,5591,0,0,0,False,True,False,5,0,5
math_test_precalculus_219__three_quarters,train,three_quarters,math_test_precalculus_219,8338,1,1,1,False,True,True,5,0,5
math_test_precalculus_31__primary,train,primary,math_test_precalculus_31,6084,0,0,0,True,False,False,1,0,5
math_test_precalculus_292__primary,train,primary,math_test_precalculus_292,1713,0,0,0,True,True,False,1,0,2
math_test_precalculus_292__one_quarter,train,one_quarter,math_test_precalculus_292,1266,0,0,0,True,True,False,1,0,1
