task_id,subject,n_states,historical_high_correct,any_early_correct,earliest_tested_successful_fraction,any_BC_incorrect,any_BC_incomplete,any_BC_unknown,any_A_correct_BC_wrong,wrong_candidate_submitted,oracle_only,new_research_tokens
math_test_counting_probability_126,counting_probability,2,True,True,0.546470333477696,False,False,False,False,0,True,23066
math_test_counting_probability_192,counting_probability,1,True,False,,False,True,False,False,0,True,13653
math_test_counting_probability_404,counting_probability,2,True,False,,False,True,False,False,0,True,30327
math_test_counting_probability_457,counting_probability,1,True,True,0.5078909612625538,False,False,False,False,0,True,8361
math_test_counting_probability_51,counting_probability,1,True,True,0.5191359474054943,False,False,False,False,0,True,6650
math_test_number_theory_140,number_theory,2,True,True,0.5018131921983731,False,False,False,False,0,True,22946
math_test_number_theory_293,number_theory,1,True,False,,False,True,False,False,0,True,12594
math_test_number_theory_304,number_theory,1,True,True,0.26688769167012016,False,False,False,False,0,True,4013
math_test_number_theory_478,number_theory,1,True,True,0.5333969465648855,False,False,False,False,0,True,8864
math_test_number_theory_536,number_theory,2,True,True,0.6097842835130971,False,False,False,False,0,True,5847
math_test_prealgebra_131,prealgebra,1,True,False,,False,True,False,False,0,True,14580
math_test_prealgebra_3,prealgebra,1,True,True,0.48756906077348067,False,False,False,False,0,True,18078
math_test_prealgebra_362,prealgebra,2,True,True,0.5015530629853322,False,True,False,False,0,True,25134
math_test_prealgebra_563,prealgebra,2,True,True,0.18494623655913978,False,False,False,False,0,True,8586
math_test_prealgebra_611,prealgebra,1,True,True,0.503962674165921,False,True,False,False,0,True,9202
math_test_precalculus_188,precalculus,1,True,False,,False,True,False,False,0,True,13470
math_test_precalculus_219,precalculus,2,True,True,0.49728720092502,False,False,False,False,0,True,25529
math_test_precalculus_292,precalculus,2,True,True,0.37488895469351496,False,False,False,False,0,True,8596
math_test_precalculus_31,precalculus,1,True,True,0.5043103448275862,False,False,False,False,0,True,10497
math_test_precalculus_99,precalculus,1,True,True,0.5015375900299426,False,True,False,False,0,True,18519
