scope,kind,calls,input_tokens,output_tokens,reasoning_tokens,total_tokens,unknown_usage_calls,unknown_token_upper_bound
api_feasibility,physical_research_calls,4,235,172,115,407,1,1247
counterfactual,physical_research_calls,84,181746,106766,95585,288512,0,0
independent,physical_research_calls,11,4068,4175,2695,8243,0,0
negative_control_repair,physical_research_calls,3,990,1701,1245,2691,0,0
B0_high,logical_independent_method,4,396,1612,984,2008,0,0
B1_fixed,logical_independent_method,5,1496,2016,1465,3512,0,0
B2_candidate,logical_independent_method,5,1496,2016,1465,3512,0,0
B3_repetition,logical_independent_method,5,1477,2020,1447,3497,0,0
B4_counterfactual,logical_independent_method,5,1491,2049,1499,3540,0,0
