new_estimated_short_tokens,new_skill_id,new_status,old_estimated_short_tokens,old_id,old_skill_id,old_status,old_subject,review
,,not_redistilled,85,S01,algebra_d40385fe7ff65b49,quarantine,algebra,tool menu; split before retraining
,,not_redistilled,89,S02,algebra_f19801d93b4c6de1,quarantine,algebra,OR/AND mismatch plus unrelated transformations; defer
,,not_redistilled,68,S03,counting_probability_0df8c48c1a89daca,quarantine,counting_probability,discrete/continuous/stopping-time mixture; defer
105,S04_v2_591ca36f47b0,shadow,79,S04,counting_probability_669101e83d955915,shadow,counting_probability,revised partition/complement macro with equal-orbit guard
,,not_redistilled,80,S05,geometry_a16ffa2270c26c3b,quarantine,geometry,geometry tool menu and composition lexical mismatch; defer
,,not_redistilled,77,S06,geometry_ee3896b4fd724c16,shadow,geometry,apparent accuracy benefit was a unit-scoring artifact; defer
113,S07_v2_3602556c556a,shadow,79,S07,intermediate_algebra_4a5d6d54c25d8d89,shadow,intermediate_algebra,reclustered actual denominator-reduction chains; remove hyperbola/series sources
,,not_redistilled,83,S08,intermediate_algebra_84df7571219b97b2,quarantine,intermediate_algebra,generic reduce/validate menu; defer
,,not_redistilled,93,S09,number_theory_a4f64c60a5009d0c,quarantine,number_theory,integer constraint menu too broad; defer
,,not_redistilled,93,S10,number_theory_e7d46565b1c984a9,quarantine,number_theory,"overly elementary rational arithmetic, overlap with S11; defer"
,,not_redistilled,82,S11,prealgebra_3dabe2e95c1ae39e,quarantine,prealgebra,overly elementary with missing prefix-cycle guard; defer
,,not_redistilled,90,S12,precalculus_5193e2e6c7ae508d,quarantine,precalculus,"one historical false negative corrected, one true truncation remains; defer"
