claimed_v2_source,cluster_decision,explanation,family,old_source,task_id,trigger_match
False,removed: outside narrower macro or no matching transformation chain,"{""value"": false, ""all_of"": [{""value"": true, ""feature"": ""subject:counting_probability"", ""reason"": ""observed""}, {""value"": true, ""feature"": ""lex:count_request"", ""reason"": ""observed""}, {""value"": false, ""feature"": ""lex:count_constraints"", ""reason"": ""observed""}, {""value"": true, ""optional_evidence"": {""value"": false, ""feature"": ""lex:order"", ""reason"": ""observed""}}, {""value"": true, ""guard_obligation"": ""disjoint_exhaustive_cases"", ""guard_passed"": false, ""reason"": ""deferred_to_solver""}]}",S04,True,math_train_counting_probability_162,False
False,removed: outside narrower macro or no matching transformation chain,"{""value"": true, ""all_of"": [{""value"": true, ""feature"": ""subject:counting_probability"", ""reason"": ""observed""}, {""value"": true, ""feature"": ""lex:count_request"", ""reason"": ""observed""}, {""value"": true, ""feature"": ""lex:count_constraints"", ""reason"": ""observed""}, {""value"": true, ""optional_evidence"": {""value"": true, ""feature"": ""lex:order"", ""reason"": ""observed""}}, {""value"": true, ""guard_obligation"": ""disjoint_exhaustive_cases"", ""guard_passed"": false, ""reason"": ""deferred_to_solver""}]}",S04,True,math_train_counting_probability_167,True
True,retained/new coherent transformation,"{""value"": true, ""all_of"": [{""value"": true, ""feature"": ""subject:counting_probability"", ""reason"": ""observed""}, {""value"": true, ""feature"": ""lex:count_request"", ""reason"": ""observed""}, {""value"": true, ""feature"": ""lex:count_constraints"", ""reason"": ""observed""}, {""value"": true, ""optional_evidence"": {""value"": true, ""feature"": ""lex:order"", ""reason"": ""observed""}}, {""value"": true, ""guard_obligation"": ""disjoint_exhaustive_cases"", ""guard_passed"": false, ""reason"": ""deferred_to_solver""}]}",S04,True,math_train_counting_probability_195,True
False,removed: outside narrower macro or no matching transformation chain,"{""value"": false, ""all_of"": [{""value"": true, ""feature"": ""subject:counting_probability"", ""reason"": ""observed""}, {""value"": true, ""feature"": ""lex:count_request"", ""reason"": ""observed""}, {""value"": false, ""feature"": ""lex:count_constraints"", ""reason"": ""observed""}, {""value"": true, ""optional_evidence"": {""value"": false, ""feature"": ""lex:order"", ""reason"": ""observed""}}, {""value"": true, ""guard_obligation"": ""disjoint_exhaustive_cases"", ""guard_passed"": false, ""reason"": ""deferred_to_solver""}]}",S04,True,math_train_counting_probability_224,False
True,retained/new coherent transformation,"{""value"": true, ""all_of"": [{""value"": true, ""feature"": ""subject:counting_probability"", ""reason"": ""observed""}, {""value"": true, ""feature"": ""lex:count_request"", ""reason"": ""observed""}, {""value"": true, ""feature"": ""lex:count_constraints"", ""reason"": ""observed""}, {""value"": true, ""optional_evidence"": {""value"": true, ""feature"": ""lex:order"", ""reason"": ""observed""}}, {""value"": true, ""guard_obligation"": ""disjoint_exhaustive_cases"", ""guard_passed"": false, ""reason"": ""deferred_to_solver""}]}",S04,True,math_train_counting_probability_265,True
True,retained/new coherent transformation,"{""value"": true, ""all_of"": [{""value"": true, ""feature"": ""subject:counting_probability"", ""reason"": ""observed""}, {""value"": true, ""feature"": ""lex:count_request"", ""reason"": ""observed""}, {""value"": true, ""feature"": ""lex:count_constraints"", ""reason"": ""observed""}, {""value"": true, ""optional_evidence"": {""value"": true, ""feature"": ""lex:order"", ""reason"": ""observed""}}, {""value"": true, ""guard_obligation"": ""disjoint_exhaustive_cases"", ""guard_passed"": false, ""reason"": ""deferred_to_solver""}]}",S04,False,math_train_counting_probability_323,True
False,removed: outside narrower macro or no matching transformation chain,"{""value"": true, ""all_of"": [{""value"": true, ""feature"": ""subject:counting_probability"", ""reason"": ""observed""}, {""value"": true, ""feature"": ""lex:count_request"", ""reason"": ""observed""}, {""value"": true, ""feature"": ""lex:count_constraints"", ""reason"": ""observed""}, {""value"": true, ""optional_evidence"": {""value"": false, ""feature"": ""lex:order"", ""reason"": ""observed""}}, {""value"": true, ""guard_obligation"": ""disjoint_exhaustive_cases"", ""guard_passed"": false, ""reason"": ""deferred_to_solver""}]}",S04,True,math_train_counting_probability_504,True
True,retained/new coherent transformation,"{""value"": true, ""all_of"": [{""value"": true, ""feature"": ""subject:counting_probability"", ""reason"": ""observed""}, {""value"": true, ""feature"": ""lex:count_request"", ""reason"": ""observed""}, {""value"": true, ""feature"": ""lex:count_constraints"", ""reason"": ""observed""}, {""value"": true, ""optional_evidence"": {""value"": true, ""feature"": ""lex:order"", ""reason"": ""observed""}}, {""value"": true, ""guard_obligation"": ""disjoint_exhaustive_cases"", ""guard_passed"": false, ""reason"": ""deferred_to_solver""}]}",S04,False,math_train_counting_probability_679,True
True,retained/new coherent transformation,"{""value"": true, ""all_of"": [{""value"": true, ""feature"": ""subject:counting_probability"", ""reason"": ""observed""}, {""value"": true, ""feature"": ""lex:count_request"", ""reason"": ""observed""}, {""value"": true, ""feature"": ""lex:count_constraints"", ""reason"": ""observed""}, {""value"": true, ""optional_evidence"": {""value"": true, ""feature"": ""lex:order"", ""reason"": ""observed""}}, {""value"": true, ""guard_obligation"": ""disjoint_exhaustive_cases"", ""guard_passed"": false, ""reason"": ""deferred_to_solver""}]}",S04,False,math_train_counting_probability_690,True
True,retained/new coherent transformation,"{""value"": true, ""all_of"": [{""value"": true, ""feature"": ""subject:counting_probability"", ""reason"": ""observed""}, {""value"": true, ""feature"": ""lex:count_request"", ""reason"": ""observed""}, {""value"": true, ""feature"": ""lex:count_constraints"", ""reason"": ""observed""}, {""value"": true, ""optional_evidence"": {""value"": false, ""feature"": ""lex:order"", ""reason"": ""observed""}}, {""value"": true, ""guard_obligation"": ""disjoint_exhaustive_cases"", ""guard_passed"": false, ""reason"": ""deferred_to_solver""}]}",S04,False,math_train_counting_probability_715,True
True,retained/new coherent transformation,"{""value"": true, ""all_of"": [{""value"": true, ""feature"": ""subject:intermediate_algebra"", ""reason"": ""observed""}, {""value"": true, ""any_of"": [{""value"": false, ""feature"": ""math:rational_equation"", ""reason"": ""observed""}, {""value"": true, ""feature"": ""math:rational_inequality"", ""reason"": ""observed""}]}, {""value"": true, ""not"": {""value"": false, ""feature"": ""lex:trigonometric"", ""reason"": ""observed""}}, {""value"": true, ""not"": {""value"": false, ""feature"": ""lex:hypothetical_options"", ""reason"": ""observed""}}, {""value"": true, ""guard_obligation"": ""denominator_nonzero"", ""guard_passed"": false, ""reason"": ""deferred_to_solver""}]}",S07,True,math_train_intermediate_algebra_1030,True
False,removed: outside narrower macro or no matching transformation chain,"{""value"": false, ""all_of"": [{""value"": true, ""feature"": ""subject:intermediate_algebra"", ""reason"": ""observed""}, {""value"": false, ""any_of"": [{""value"": false, ""feature"": ""math:rational_equation"", ""reason"": ""observed""}, {""value"": false, ""feature"": ""math:rational_inequality"", ""reason"": ""observed""}]}, {""value"": true, ""not"": {""value"": false, ""feature"": ""lex:trigonometric"", ""reason"": ""observed""}}, {""value"": true, ""not"": {""value"": false, ""feature"": ""lex:hypothetical_options"", ""reason"": ""observed""}}, {""value"": true, ""guard_obligation"": ""denominator_nonzero"", ""guard_passed"": false, ""reason"": ""deferred_to_solver""}]}",S07,True,math_train_intermediate_algebra_1100,False
False,removed: outside narrower macro or no matching transformation chain,"{""value"": null, ""all_of"": [{""value"": true, ""feature"": ""subject:intermediate_algebra"", ""reason"": ""observed""}, {""value"": null, ""any_of"": [{""value"": null, ""feature"": ""math:rational_equation"", ""reason"": ""unknown""}, {""value"": null, ""feature"": ""math:rational_inequality"", ""reason"": ""unknown""}]}, {""value"": true, ""not"": {""value"": false, ""feature"": ""lex:trigonometric"", ""reason"": ""observed""}}, {""value"": true, ""not"": {""value"": false, ""feature"": ""lex:hypothetical_options"", ""reason"": ""observed""}}, {""value"": true, ""guard_obligation"": ""denominator_nonzero"", ""guard_passed"": false, ""reason"": ""deferred_to_solver""}]}",S07,True,math_train_intermediate_algebra_1291,
False,removed: outside narrower macro or no matching transformation chain,"{""value"": null, ""all_of"": [{""value"": true, ""feature"": ""subject:intermediate_algebra"", ""reason"": ""observed""}, {""value"": null, ""any_of"": [{""value"": null, ""feature"": ""math:rational_equation"", ""reason"": ""unknown""}, {""value"": null, ""feature"": ""math:rational_inequality"", ""reason"": ""unknown""}]}, {""value"": true, ""not"": {""value"": false, ""feature"": ""lex:trigonometric"", ""reason"": ""observed""}}, {""value"": true, ""not"": {""value"": false, ""feature"": ""lex:hypothetical_options"", ""reason"": ""observed""}}, {""value"": true, ""guard_obligation"": ""denominator_nonzero"", ""guard_passed"": false, ""reason"": ""deferred_to_solver""}]}",S07,True,math_train_intermediate_algebra_298,
False,removed: outside narrower macro or no matching transformation chain,"{""value"": null, ""all_of"": [{""value"": true, ""feature"": ""subject:intermediate_algebra"", ""reason"": ""observed""}, {""value"": null, ""any_of"": [{""value"": null, ""feature"": ""math:rational_equation"", ""reason"": ""unknown""}, {""value"": null, ""feature"": ""math:rational_inequality"", ""reason"": ""unknown""}]}, {""value"": true, ""not"": {""value"": false, ""feature"": ""lex:trigonometric"", ""reason"": ""observed""}}, {""value"": true, ""not"": {""value"": false, ""feature"": ""lex:hypothetical_options"", ""reason"": ""observed""}}, {""value"": true, ""guard_obligation"": ""denominator_nonzero"", ""guard_passed"": false, ""reason"": ""deferred_to_solver""}]}",S07,True,math_train_intermediate_algebra_568,
False,removed: outside narrower macro or no matching transformation chain,"{""value"": false, ""all_of"": [{""value"": true, ""feature"": ""subject:intermediate_algebra"", ""reason"": ""observed""}, {""value"": false, ""any_of"": [{""value"": false, ""feature"": ""math:rational_equation"", ""reason"": ""observed""}, {""value"": false, ""feature"": ""math:rational_inequality"", ""reason"": ""observed""}]}, {""value"": true, ""not"": {""value"": false, ""feature"": ""lex:trigonometric"", ""reason"": ""observed""}}, {""value"": true, ""not"": {""value"": false, ""feature"": ""lex:hypothetical_options"", ""reason"": ""observed""}}, {""value"": true, ""guard_obligation"": ""denominator_nonzero"", ""guard_passed"": false, ""reason"": ""deferred_to_solver""}]}",S07,True,math_train_intermediate_algebra_615,False
True,retained/new coherent transformation,"{""value"": true, ""all_of"": [{""value"": true, ""feature"": ""subject:intermediate_algebra"", ""reason"": ""observed""}, {""value"": true, ""any_of"": [{""value"": true, ""feature"": ""math:rational_equation"", ""reason"": ""observed""}, {""value"": false, ""feature"": ""math:rational_inequality"", ""reason"": ""observed""}]}, {""value"": true, ""not"": {""value"": false, ""feature"": ""lex:trigonometric"", ""reason"": ""observed""}}, {""value"": true, ""not"": {""value"": false, ""feature"": ""lex:hypothetical_options"", ""reason"": ""observed""}}, {""value"": true, ""guard_obligation"": ""denominator_nonzero"", ""guard_passed"": false, ""reason"": ""deferred_to_solver""}]}",S07,False,math_train_intermediate_algebra_704,True
True,retained/new coherent transformation,"{""value"": true, ""all_of"": [{""value"": true, ""feature"": ""subject:intermediate_algebra"", ""reason"": ""observed""}, {""value"": true, ""any_of"": [{""value"": true, ""feature"": ""math:rational_equation"", ""reason"": ""observed""}, {""value"": false, ""feature"": ""math:rational_inequality"", ""reason"": ""observed""}]}, {""value"": true, ""not"": {""value"": false, ""feature"": ""lex:trigonometric"", ""reason"": ""observed""}}, {""value"": true, ""not"": {""value"": false, ""feature"": ""lex:hypothetical_options"", ""reason"": ""observed""}}, {""value"": true, ""guard_obligation"": ""denominator_nonzero"", ""guard_passed"": false, ""reason"": ""deferred_to_solver""}]}",S07,False,math_train_intermediate_algebra_902,True
